210601888614;210601892579
210601977032;210601977014
210602127234;210602129833
210602278123;210602279775
210602435400;210602436791
210602593236;210602595712
210602743710;210602744939
210602897946;210602898136
210603056959;210603057562
210603210084;210603210423
210603370255;210603370088
210603527746;210603527746
210603680113;210603680151
210603833502;210603833408
210603989110;210603989065
210604148519;210604148452
210604299301;210604299050
210604449743;210604450251
210604602198;210604601998
210604755777;210604755777
210604907892;210604907770
210605062560;210605062370
210605220548;210605220563
210605371142;210605371152
210605523272;210605523483
210605673551;210605673986
210605830716;210605830716
210605989292;210605989326
210606140193;210606140200
210606298714;210606298702
210606448687;210606448693
210606609555;210606609575
210606771122;210606770050
210606923976;210606924175
210607079708;210607080155
210607229967;210607229981
210607381765;210607381701
210607541071;210607541071
210607694650;210607694826
210607850703;210607851091
210608002491;210608002427
210608158579;210608159043
210608317562;210608317762
210608476960;210608476960
210608632014;210608632084
210608786137;210608786058
210608937851;210608937990
210609098659;210609098582
210609250699;210609250758
210609402814;210609402814
210609558688;210609559090
210609712973;210609712803
210609869250;210609869367
210610021542;210610021468
210610177517;210610177565
210610328691;210610328394
210610488524;210610488453
210610637621;210610637663
210610797680;210610797657
210610948185;210610948321
0;210611097469
210611255339;210611255129
210611405259;210611405043
210611552296;210611552339
210611711536;210611711238
210611859060;210611859238
210612011037;210612011037
210612161545;210612161725
210612316471;210612316471
210612475431;210612475317
210612633500;210612633240
210612783205;210612783406
210612936230;210612936230
210613093388;210613093600
210613246346;210613246335
210613402053;210613402053
210613558152;210613558163
210613710600;210613710659
210613861426;210613861366
210614016199;210614016245
210614173959;210614173959
210614329571;210614329684
210614480991;210614481058
210614635940;210614636281
210614789604;210614789604
210614942156;210614942225
210615102500;210615102347
210615249430;210615249430
210615403265;210615403265
210615560983;210615560649
210615711276;210615710876
210615870162;210615870162
210616031124;210616031129
210616181891;210616181890
210616340626;210616341014
210616493491;210616493576
210616644334;210616644334
210616805698;210616806139
210616964749;210616964748
210617119403;210617119859
210617374101;210617279310
210617748505;210617749004
210617917717;210617917450
210618057715;210618057718
210618207700;210618207700
210618357992;210618358008
210618508047;210618508006
210618668239;210618668239
210618820876;210618820876
210618970694;210618970850
210619126458;210619126409
210619278027;210619278027
210619429798;210619429799
210619582561;210619582636
210619737513;210619737038
210619888569;210619888431
210620037823;210620037823
210620187581;210620187393
210620337249;210620337057
210620496206;210620496609
210620649087;210620648986
210620799990;210620800009
210620955745;210620955745
210621110571;210621110362
210621264161;210621264161
210621415406;210621415406
210621570599;210621570527
210621720005;210621720403
210621870993;210621870570
210622022722;210622023169
210622182647;210622182564
210622343089;210622343123
210622503059;210622502939
210622652674;210622652674
210622805075;210622805088
210622965925;210622965971
210623122349;210623122340
210623280908;210623280984
210623434786;210623434875
210623588530;210623588532
210623743904;210623743828
210623895937;210623896018
210624050133;210624049668
210624204977;210624204573
210624361036;210624360657
210624521096;210624521062
210624674346;210624674346
210624828566;210624828471
210624984755;210624984889
210625135090;210625135063
210625289787;210625289774
210625451609;210625451609
210625612051;210625611951
210625770235;210625770235
210625924652;210625924680
210626076260;210626076256
210626231818;210626232269
210626388925;210626388805
210626548163;210626548325
210626698874;210626698893
210626856960;210626857023
210627006943;210627006891
210627159286;210627158914
210627311858;210627311997
210627469089;210627469160
210627622742;210627622743
210627778909;210627778909
210627936956;210627936956
210628098229;210628098205
210628251545;210628251545
210628409044;210628409044
210628562190;210628562102
210628710439;210628710506
210628868450;210628868450
210629025114;210629025142
210629185460;210629185460
210629340476;210629340459
210629495284;210629495447
210629649918;210629649869
210629803493;210629803465
210629953324;210629953230
210630112472;210630112493
210630260451;210630259915
210630409974;210630409974
210630566664;210630566824
210630726472;210630726865
210630887325;210630887325
210631040311;210631040280
210631188765;210631188765
210631348485;210631348641
210631501622;210631501616
210631653718;210631653718
210631805886;210631805448
210631954159;210631954165
210632113227;210632113227
210632267358;210632267222
210632416932;210632417075
210632574475;210632574475
210632723189;210632723661
210632883629;210632883613
210633043875;210633043942
210633204438;210633204438
210633358388;210633358063
210633515654;210633515580
210633669085;210633668765
210633820599;210633820607
210633982106;210633982019
210634136448;210634136594
210634297241;210634297283
210634457277;210634457097
210634609318;210634609318
210634760280;210634760258
210634920112;210634920176
210635081302;210635081348
210635233694;210635233006
210635379191;210635379152
210635531633;210635532096
210635682660;210635682595
210635840022;210635839630
210635989192;210635989172
210636139664;210636139821
210636299671;210636299625
210636459387;210636459387
210636615638;210636615178
210636767450;210636767634
210636920173;210636920067
210637080681;210637080750
210637230801;210637230875
210637391621;210637391583
210637544308;210637544308
210637699702;210637700222
210637856681;210637857182
210638014467;210638014455
210638163413;210638163962
210638319974;210638319929
210638474488;210638474533
210638632303;210638632323
210638782213;210638782124
210638939749;210638939798
210639098694;210639098389
210639253016;210639253083
210639410534;210639410459
210639562919;210639562918
210639716786;210639716727
210639873109;210639873133
210640023536;210640023536
210640173290;210640173290
210640328704;210640328743
210640479925;210640479925
210640635590;210640635665
210640787587;210640787854
210640938035;210640938013
210641090539;210641090760
210641244479;210641244930
210641399717;210641399645
210641551990;210641551544
210641704462;210641704462
210641856630;210641856350
210642004394;210642004755
210642162403;210642162450
210642318082;210642317892
210642469766;210642469811
210642619385;210642619321
210642779179;210642779179
210642939199;210642939217
210643099133;210643099122
210643248874;210643248885
210643408663;210643408714
210643559011;210643558558
210643708909;210643709217
210643868956;210643868874
210644028869;210644029483
210644189380;210644189326
210644348968;210644348968
210644508955;210644508928
210644658967;210644659053
210644809409;210644808989
210644969165;210644969217
210645129433;210645129379
210645289244;210645289272
210645439885;210645439850
210645599215;210645599748
210645759172;210645759173
210645909542;210645909532
210646068906;210646069206
210646229540;210646229567
210646389255;210646388933
210646548730;210646548766
210646708648;210646708648
210646858802;210646858767
210647008865;210647008901
210647158673;210647158672
210647318995;210647318523
210647478832;210647478831
210647638989;210647638978
210647798878;210647798878
210647948636;210647948975
210648108700;210648108657
210648268932;210648268949
210648429663;210648429427
210648588732;210648589160
210648748990;210648748984
210648899007;210648899111
210649049375;210649049298
210649208911;210649209395
210649369068;210649368580
210649518606;210649519108
210649674118;210649673693
210649827657;210649827766
210649984452;210649984418
210650140758;210650140793
210650288658;210650288190
210650437965;210650438201
210650598960;210650599233
210650757315;210650756892
210650911723;210650911733
210651072641;210651072512
210651229469;210651229639
210651383796;210651383676
210651540495;210651540556
210651690657;210651690820
210651843043;210651843043
210651994859;210651994931
210652150987;210652151015
210652308428;210652308276
210652467667;210652467843
210652617858;210652617682
210652767942;210652767972
210652921992;210652922031
210653073753;210653073284
210653230706;210653230706
210653388305;210653388237
210653542542;210653542680
210653699925;210653699925
210653850183;210653850018
210654002100;210654002275
210654150616;210654150139
210654310532;210654310578
210654468344;210654467869
210654618698;210654618199
210654771522;210654771977
210654930185;210654930420
210655081072;210655081072
210655235551;210655235549
210655383829;210655383829
210655538472;210655538047
210655690477;210655690809
210655839761;210655840179
210656001240;210656000562
210656152346;210656152421
210656306612;210656306612
210656464921;210656464957
210656618523;210656618908
210656778142;210656778529
210657026118;210657025896
210657258221;210657258245
210657418755;210657418735
210657568033;210657568069
210657728353;210657728326
210657879514;210657879414
210658029419;210658029369
210658189569;210658189550
210658346844;210658346778
210658500208;210658500448
210658651979;210658651804
210658808005;210658808005
210658964787;210658964896
210659114157;210659114548
210659273717;210659273786
210659429490;210659429490
210659588097;210659588138
210659743008;210659742581
210659899801;210659899880
210660056926;210660056868
210660211970;210660212427
210660370340;210660370236
210660530491;210660530567
210660682654;210660682572
210660832102;210660832102
210660992148;210660992136
210661145435;210661145494
210661299693;210661299301
210661452872;210661452872
210661608037;210661607987
210661760196;210661760372
210661909672;210661909199
210662067849;210662067813
210662216487;210662216504
210662376537;210662376447
210662528445;210662528522
210662682578;210662682511
210662836824;210662836725
210662994768;210662994781
210663151754;210663151591
210663309598;210663309598
210663462772;210663462314
210663619060;210663618592
210663770704;210663770449
210663927729;210663928233
210664085476;210664085425
210664237572;210664237164
210664388890;210664388890
210664541162;210664541162
210664699818;210664699585
210664851475;210664851560
210665003295;210665003308
210665152345;210665152339
210665309214;210665309671
210665470660;210665470559
210665631203;210665631203
210665791411;210665791223
210665940064;210665940139
210666098100;210666098092
210666251453;210666251532
210666400807;210666401182
210666552651;210666552604
210666712716;210666712789
210666870949;210666870949
210667030651;210667030577
210667182749;210667182733
210667334536;210667335009
210667493984;210667493984
210667653521;210667653998
210667810363;210667810363
210667968169;210667968163
210668118905;210668118438
210668277148;210668276919
210668429460;210668429494
210668580612;210668580612
210668741532;210668741984
210668896687;210668896530
210669054382;210669054381
210669215582;210669215660
210669368858;210669368776
210669520905;210669520351
210669676676;210669676831
210669829934;210669829892
210669985887;210669985917
210670140560;210670140560
210670297088;210670296712
210670456658;210670457148
210670604350;210670604135
210670751476;210670751403
210670907502;210670907502
210671054851;210671054387
210671209867;210671209940
210671367216;210671367049
210671519664;210671519664
210671671700;210671672116
210671827890;210671827812
210671983874;210671983856
210672140506;210672140160
210672297186;210672297186
210672457051;210672456721
210672611376;210672611427
210672766778;210672766732
210672927507;210672927551
210673080663;210673080663
210673233884;210673233840
210673386516;210673386516
210673538309;210673538371
210673693624;210673693949
210673848117;210673848467
210674005019;210674004599
210674161124;210674160784
210674317293;210674316963
210674473566;210674473762
210674631172;210674631204
210674785624;210674785546
210674939692;210674939735
210675097916;210675097916
210675247533;210675247953
210675399641;210675399339
210675556642;210675556623
210675708007;210675708012
210675860004;210675859581
210676020454;210676020454
210676171996;210676171877
210676328369;210676328397
210676483554;210676483065
210676638189;210676638245
210676788833;210676788831
210676945977;210676945815
210677097729;210677097790
210677245043;210677244969
210677399482;210677399483
210677553476;210677553475
210677705988;210677705988
210677857301;210677856914
210678015656;210678015167
210678170030;210678169827
210678326421;210678326055
210678487419;210678487577
210678645970;210678645922
210678796764;210678796764
210678946584;210678946273
210679108760;210679109377
210679268289;210679267585
210679420040;210679419573
210679567489;210679567571
210679719017;210679719018
210679870159;210679870159
210680028411;210680028411
210680188460;210680188523
210680346236;210680346311
210680499536;210680499569
210680651800;210680651325
210680805555;210680805774
210680955087;210680955122
210681113942;210681114464
210681263126;210681263018
210681420053;210681420288
210681573241;210681572934
210681730266;210681730266
210681888716;210681888716
210682041439;210682041622
210682195331;210682195323
210682355900;210682355905
210682516889;210682516755
210682677359;210682677286
210682836735;210682836908
210682997120;210682997120
210683149699;210683149733
210683306985;210683306933
210683455681;210683455577
210683608619;210683610010
210683758368;210683758176
210683914539;210683914539
210684069711;210684069766
210684218802;210684218485
210684378798;210684378611
210684532550;210684532752
210684682915;210684682915
210684834167;210684834155
210684992095;210684992313
210685149136;210685149034
210685307307;210685307040
210685461900;210685462097
210685615911;210685615911
210685767069;210685767051
210685921683;210685921735
210686077400;210686077651
210686228987;210686228986
210686378389;210686377888
210686533350;210686533530
210686685686;210686685596
210686838216;210686838408
210686998250;210686998025
210687146172;210687146172
210687301053;210687300906
210687457868;210687458053
210687617806;210687618078
210687778421;210687778192
210687935735;210687936124
210688088870;210688088809
210688247761;210688247883
210688401303;210688401303
210688557242;210688557350
210688708268;210688707917
210688859201;210688858797
210689020601;210689020250
210689172230;210689172676
210689320975;210689321035
210689479736;210689479283
210689632251;210689632244
210689787335;210689787334
210689940007;210689939950
210690087771;210690087779
210690243110;210690243500
210690399357;210690399091
210690552060;210690552037
210690704580;210690704523
210690857017;210690857052
210691009107;210691009017
210691162259;210691162105
210691310336;210691310754
210691470826;210691470440
210691629046;210691628890
210691780109;210691780375
210691932512;210691932349
210692087593;210692087654
210692239599;210692240093
210692399356;210692399285
210692554264;210692554346
210692700525;210692700419
210692857894;210692857894
210693012557;210693012724
210693169585;210693169541
210693328649;210693328866
210693484067;210693483175
210693743004;210693743273
210693966435;210693966208
210694123185;210694123222
0;210694369882
210694443888;210694443096
210694593190;210694593192
210694753706;210694753706
210694913408;210694913407
210695073104;210695073568
210695221030;210695221098
210695369557;210695369507
210695530449;210695530449
210695682063;210695681585
210695832166;210695832227
210695986247;210695986203
210696138360;210696138343
210696298036;210696298606
210696452189;210696452109
210696606387;210696606387
210696758354;210696758398
210696908617;210696909012
210697065971;210697065882
210697220097;210697220096
210697372038;210697371634
210697524250;210697524340
210697681191;210697682365
210697830565;210697830481
210697983215;210697983177
210698143082;210698142916
210698292168;210698292219
210698446849;210698446802
210698597712;210698597878
210698753527;210698753379
210698908929;210698909376
210699065651;210699065191
210699220591;210699220609
210699378218;210699378440
210699534371;210699534338
210699692188;210699692663
210699842834;210699842811
210700000903;210700001064
210700151728;210700151716
210700307391;210700306975
210700460608;210700460608
210700607922;210700608063
210700761881;210700761665
210700918455;210700918704
210701070174;210701070085
210701230338;210701229913
210701383377;210701382977
210701534679;210701534880
210701687192;210701687218
210701840228;210701840151
210701991363;210701991208
210702150070;210702150155
210702310149;210702310062
210702457570;210702457570
210702618135;210702618135
210702770175;210702770175
210702919416;210702919458
210703071574;210703071720
210703222946;210703223005
210703377932;210703378321
210703530755;210703530665
210703687889;210703687716
210703837735;210703838203
210703994769;210703994277
210704151338;210704151469
210704311106;210704310939
210704459447;210704459452
210704611153;210704612005
210704763854;210704763970
210704921248;210704921170
210705071983;210705071983
210705230822;210705230827
210705381736;210705381726
210705534582;210705534353
210705686503;210705686539
210705841089;210705841309
210705994099;210705994054
210706143411;210706143569
210706295403;210706294890
210706453433;210706453433
210706605121;210706605058
210706762516;210706762516
210706913734;210706913714
210707065554;210707065075
210707224439;210707224597
210707380185;210707380037
210707534850;210707534930
210707686586;210707687010
210707840827;210707840316
210707994112;210707994112
210708144220;210708144140
210708296998;210708297033
210708450418;210708449937
210708607918;210708607980
210708762776;210708763140
210708919196;210708918954
210709076111;210709076036
210709228243;210709227832
210709379117;210709379275
210709530789;210709530711
210709683529;210709683470
210709839447;210709839447
210709994489;210709994488
210710148546;210710148455
210710308033;210710307565
210710469281;210710469744
210710627906;210710627435
210710782359;210710782562
210710934084;210710934071
210711093822;210711093899
210711243339;210711243484
210711394883;210711395276
210711546681;210711546681
210711698731;210711698474
210711850550;210711850713
210712002704;210712003170
210712155063;210712154834
210712309783;210712309783
210712462555;210712462596
210712610351;210712610261
210712770820;210712770820
210712930098;210712930052
210713080209;210713080230
210713234450;210713233990
210713389035;210713389035
210713540356;210713540387
210713688973;210713688568
210713841969;210713842051
210713993740;210713993741
210714144631;210714144600
210714296021;210714296016
210714449424;210714449609
210714597816;210714597759
210714749191;210714749272
210714900782;210714900245
210715055833;210715055996
210715209468;210715209553
210715366872;210715366953
210715520754;210715520984
210715671784;210715672135
210715832096;210715831926
210715993279;210715993279
210716154193;210716154193
210716309780;210716309218
210716462765;210716462764
210716612999;210716612965
210716766520;210716766520
210716916003;210716916100
210717077201;210717077117
210717232936;210717233871
210717389073;210717388569
210717544674;210717544330
210717702169;210717702078
210717853305;210717853385
210718009289;210718009289
210718160540;210718161025
210718311918;210718311456
210718463018;210718463502
210718618172;210718618173
210718771349;210718771369
210718919931;210718919730
210719079915;210719080091
210719233512;210719233449
210719381538;210719381976
210719534701;210719534701
210719683467;210719683506
210719838306;210719838414
210719999541;210719999462
210720147023;210720147521
210720306920;210720306761
210720459391;210720459881
210720608123;210720607653
210720759604;210720760039
210720909894;210720909894
210721056876;210721057055
210721209706;210721209706
210721370635;210721370634
210721521885;210721522316
210721679267;210721678801
210721830915;210721830919
210721990555;210721990519
210722138839;210722139037
210722294810;210722294760
210722452438;210722452591
210722604870;210722605028
210722760371;210722759913
210722913065;210722913032
210723062565;210723062026
210723220237;210723220314
210723370306;210723370297
210723522584;210723522929
210723683112;210723683171
210723840713;210723840722
210723993489;210723993012
210724149863;210724149569
210724306086;210724306135
210724459979;210724459979
210724606390;210724606218
210724766060;210724766137
210724918403;210724918403
210725072924;210725072872
210725230434;210725230599
210725386723;210725386561
210725544092;210725543621
210725699446;210725699490
210725859815;210725859677
210726020145;210726020222
210726172117;210726172116
210726328895;210726328892
210726489730;210726489244
210726640420;210726640500
210726794445;210726793959
210726948368;210726948422
210727098484;210727098259
210727252753;210727252843
210727409409;210727409409
210727561259;210727561337
210727718995;210727718920
210727870574;210727870573
210728022869;210728022880
210728173707;210728174186
210728320870;210728320705
210728481911;210728481868
210728642911;210728643024
210728801999;210728802385
210728960101;210728959586
210729113160;210729113322
210729268198;210729268198
210729419350;210729419752
210729574495;210729574398
210729730899;210729730372
210729889458;210729889528
210730043593;210730043382
210730201284;210730201358
210730359246;210730357615
210730510225;210730510291
210730665626;210730665627
210730824690;210730824689
210730986437;210730986652
210731146632;210731145057
210731304816;210731304474
210731464811;210731465348
210731625289;210731624925
210731774778;210731774785
210731935308;210731935189
210732085206;210732084988
210732245475;210732245475
210732405280;210732405724
210732565742;210732565210
210732716302;210732716330
210732866297;210732866370
210733025658;210733025620
210733176363;210733176479
210733372424;210733372190
210733615883;210733616126
210733646131;210733646150
210733806247;210733806219
210733991660;210733991944
210734116594;210734116383
210734266231;210734266271
210734419955;210734420143
210734569509;210734569431
210734729288;210734729640
210734883215;210734883216
210735038302;210735038476
210735193137;210735193011
210735341697;210735341697
210735501549;210735501464
210735661001;210735661211
210735811630;210735811549
210735966331;210735966488
210736119555;210736118912
210736275138;210736275139
210736426297;210736426439
210736578462;210736578472
210736733838;210736733641
210736887747;210736887808
210737047475;210737047324
210737207759;210737207759
210737358658;210737358658
210737516903;210737516935
210737672105;210737671986
210737831926;210737832063
210737989108;210737988713
210738142763;210738142836
210738300631;210738300134
210738460150;210738460637
210738617410;210738617351
210738768287;210738768101
210738917687;210738917191
210739067785;210739067477
210739227813;210739227497
210739388046;210739387981
210739537877;210739537533
210739687860;210739688183
210739847560;210739848019
210740007750;210740007956
210740168314;210740168102
210740318233;210740318252
210740467858;210740468191
210740628262;210740628489
210740788005;210740788004
210740942685;210740942765
210741092488;210741092422
210741242288;210741242537
210741402326;210741401873
210741551981;210741552413
210741712517;210741712517
210741864812;210741864314
210742019743;210742019654
210742171848;210742171973
210742325890;210742325861
210742483303;210742483216
210742633661;210742633060
210742789097;210742789324
210742944540;210742944544
210743093748;210743093543
210743253593;210743253836
210743405135;210743405338
210743559015;210743559160
210743710645;210743710645
210743859576;210743859753
210744010762;210744010694
210744165086;210744165086
210744316579;210744316540
210744474470;210744474484
210744634231;210744634196
210744785842;210744785658
210744938263;210744938278
210745095298;210745095286
210745255234;210745255461
210745401785;210745402001
210745561930;210745561814
210745722552;210745722378
210745874808;210745875327
210746035403;210746035359
210746195448;210746195448
210746349935;210746350152
210746501925;210746502306
210746663012;210746662829
210746820071;210746819914
210746980073;210746980257
210747128461;210747128331
210747286615;210747286615
210747441977;210747442202
210747601685;210747601981
210747756656;210747756448
210747912067;210747912067
210748065408;210748065527
210748219014;210748218960
210748372380;210748372380
210748523793;210748523793
210748681893;210748681893
210748833723;210748833822
210748981882;210748981705
210749133220;210749133219
210749289056;210749288835
210749442705;210749442904
210749597339;210749597339
210749757169;210749757671
210749912104;210749912113
210750067909;210750067819
210750219428;210750219427
210750377254;210750377398
210750527112;210750527098
210750685841;210750685963
210750835677;210750835677
210750988347;210750988379
210751140474;210751140400
210751297315;210751297061
210751454235;210751454161
210751614476;210751614476
210751775595;210751775360
210751931318;210751931775
210752082034;210752081991
210752234489;210752234566
210752388479;210752388436
210752538831;210752538903
210752698103;210752698176
210752852490;210752852496
210753008458;210753008921
210753163785;210753163624
210753318916;210753318860
210753471751;210753471731
210753625711;210753625663
210753781673;210753781749
210753940009;210753940009
210754092243;210754092652
210754241798;210754241780
210754401878;210754401957
210754558002;210754558053
210754718870;210754718796
210754873280;210754872671
210755029609;210755029609
210755181761;210755181862
210755331995;210755332709
210755488469;210755488409
210755643069;210755643069
210755802175;210755802232
210755953039;210755952980
210756107667;210756107663
210756259937;210756261711
210756408918;210756409362
210756561692;210756561488
210756719174;210756719169
210756875989;210756876431
210757034484;210757034477
