1774986590860331634;1774986590860513711
1774986590860544616;1774986590860566246
1774986590860569002;1774986590860572185
1774986590860575203;1774986590860578131
1774986590860580845;1774986590860583636
1774986590860586482;1774986590860589598
1774986590860592306;1774986590860595060
1774986590860597882;1774986590860613909
1774986590860626029;1774986590860628998
1774986590860631853;1774986590860634825
1774986590860637775;1774986590860643320
1774986590860646039;1774986590860648831
1774986590860651498;1774986590860690590
1774986590860714480;1774986590860717188
1774986590860720480;1774986590860723416
1774986590860728860;1774986590860782634
1774986590860785560;1774986590860788474
1774986590860791788;1774986590860794799
1774986590860800329;1774986590860802987
1774986590860805962;1774986590860808617
1774986590860811424;1774986590860814381
1774986590860816853;1774986590860819798
1774986590860822301;1774986590860827718
1774986590860830645;1774986590860833654
1774986590860836186;1774986590860839324
1774986590860844877;1774986590860847618
1774986590860850312;1774986590860853062
1774986590860855915;1774986590860858636
1774986590860861316;1774986590860864075
1774986590860866937;1774986590860869618
1774986590860875229;1774986590860877892
1774986590860880748;1774986590860883479
1774986590860886175;1774986590860888979
1774986590860891864;1774986590860894305
1774986590860897146;1774986590860902695
1774986590860905609;1774986590860908383
1774986590860911055;1774986590860914018
1774986590860916484;1774986590860919499
1774986590860922166;1774986590860924943
1774986590860927615;1774986590860930380
1774986590860933224;1774986590860938662
1774986590860941365;1774986590860944331
1774986590860946990;1774986590860952522
1774986590860955220;1774986590860958103
1774986590860960802;1774986590860963620
1774986590860966457;1774986590860968886
1774986590860971945;1774986590860974386
1774986590860979986;1774986590860982631
1774986590860985486;1774986590860988163
1774986590860990991;1774986590860994070
1774986590860997053;1774986590860999761
1774986590861002440;1774986590861005298
1774986590861010578;1774986590861013770
1774986590861016448;1774986590861019284
1774986590861022283;1774986590861025232
1774986590861028158;1774986590861030933
1774986590861033829;1774986590861036896
1774986590861040066;1774986590861042709
1774986590861045757;1774986590861048195
1774986590861051279;1774986590861053947
1774986590861056934;1774986590861059372
1774986590861062715;1774986590861065632
1774986590861068405;1774986590861071022
1774986590861076669;1774986590861079665
1774986590861082525;1774986590861184027
1774986590861215859;1774986590861244534
1774986590861247246;1774986590861250501
1774986590861253477;1774986590861256311
1774986590861262446;1774986590861264794
1774986590861268007;1774986590861273647
1774986590861276516;1774986590861279512
1774986590861282155;1774986590861287696
1774986590861290812;1774986590861293424
1774986590861296232;1774986590861299035
1774986590861301822;1774986590861304613
1774986590861307451;1774986590861310289
1774986590861313003;1774986590861315785
1774986590861318665;1774986590861321114
1774986590861324415;1774986590861329873
1774986590861332790;1774986590861335744
1774986590861338503;1774986590861341323
1774986590861344228;1774986590861346670
1774986590861349796;1774986590861352728
1774986590861355440;1774986590861358254
1774986590861361323;1774986590861363754
1774986590861366849;1774986590861369791
1774986590861372499;1774986590861375147
1774986590861378028;1774986590861380750
1774986590861383472;1774986590861386316
1774986590861389130;1774986590861391907
1774986590861394725;1774986590861397547
1774986590861400265;1774986590861403046
1774986590861406157;1774986590861408605
1774986590861414880;1774986590861417557
1774986590861420265;1774986590861425991
1774986590861428908;1774986590861431741
1774986590861434463;1774986590861437239
1774986590861440190;1774986590861445756
1774986590861448726;1774986590861451580
1774986590861454351;1774986590861457147
1774986590861459986;1774986590861462844
1774986590861465798;1774986590861468251
1774986590861471409;1774986590861474226
1774986590861476977;1774986590861479799
1774986590861482865;1774986590861485299
1774986590861488294;1774986590861490939
1774986590861493849;1774986590861496794
1774986590861499539;1774986590861502308
1774986590861508240;1774986590861511179
1774986590861514107;1774986590861516563
1774986590861520076;1774986590861522720
1774986590861525402;1774986590861528243
1774986590861531248;1774986590861533866
1774986590861536814;1774986590861539415
1774986590861545160;1774986590861547929
1774986590861550925;1774986590861553653
1774986590861556494;1774986590861559300
1774986590861562153;1774986590861567566
1774986590861570758;1774986590861573195
1774986590861576273;1774986590861578889
1774986590861582060;1774986590861584733
1774986590861587546;1774986590861590354
1774986590861593269;1774986590861595879
1774986590861616561;1774986590861619109
1774986590861622422;1774986590861625270
1774986590861628167;1774986590861631096
1774986590861633990;1774986590861636936
1774986590861640256;1774986590861642817
1774986590861645722;1774986590861701724
1774986590861734612;1774986590861800300
1774986590861827696;1774986590861855576
1774986590861858248;1774986590861864130
1774986590861867390;1774986590861870441
1774986590861873241;1774986590861876172
1774986590861879342;1774986590861881797
1774986590861884798;1774986590861887723
1774986590861890616;1774986590861893408
1774986590861896361;1774986590861899025
1774986590861904960;1774986590861907752
1774986590861910641;1774986590861913308
1774986590861916318;1774986590861918965
1774986590861921826;1774986590861924718
1774986590861927617;1774986590861930387
1774986590861933847;1774986590861936548
1774986590861939267;1774986590861942468
1774986590861945609;1774986590861948531
1774986590861951253;1774986590861954272
1774986590861956991;1774986590861959934
1774986590861962948;1774986590861965674
1774986590861968554;1774986590861971417
1774986590861974219;1774986590861977033
1774986590861980263;1774986590861983199
1774986590861986349;1774986590861989199
1774986590861992023;1774986590861994898
1774986590861997819;1774986590862000888
1774986590862003690;1774986590862006528
1774986590862009220;1774986590862012080
1774986590862017524;1774986590862020379
1774986590862023403;1774986590862025884
1774986590862028889;1774986590862031600
1774986590862037446;1774986590862040338
1774986590862043343;1774986590862045993
1774986590862048820;1774986590862051456
1774986590862054380;1774986590862057236
1774986590862062672;1774986590862065696
1774986590862071311;1774986590862074177
1774986590862077140;1774986590862079770
1774986590862082927;1774986590862085579
1774986590862088665;1774986590862091307
1774986590862097112;1774986590862099786
1774986590862103030;1774986590862105697
1774986590862108863;1774986590862111339
1774986590862114525;1774986590862117215
1774986590862123298;1774986590862125650
1774986590862128812;1774986590862131627
1774986590862134521;1774986590862137406
1774986590862140363;1774986590862143286
1774986590862146156;1774986590862149001
1774986590862151996;1774986590862154781
1774986590862157656;1774986590862160411
1774986590862163466;1774986590862165928
1774986590862169371;1774986590862172008
1774986590862175063;1774986590862177704
1774986590862183554;1774986590862186459
1774986590862189508;1774986590862191944
1774986590862198115;1774986590862200929
1774986590862203675;1774986590862206574
1774986590862209430;1774986590862212195
1774986590862215175;1774986590862217814
1774986590862220658;1774986590862223378
1774986590862226425;1774986590862228881
1774986590862231944;1774986590862234699
1774986590862237663;1774986590862280000
1774986590862317452;1774986590862335100
1774986590862337743;1774986590862346625
1774986590862349500;1774986590862352171
1774986590862355421;1774986590862358666
1774986590862361599;1774986590862364661
1774986590862367612;1774986590862370401
1774986590862373232;1774986590862376006
1774986590862381631;1774986590862387301
1774986590862390416;1774986590862392870
1774986590862398449;1774986590862401132
1774986590862404152;1774986590862406752
1774986590862409613;1774986590862412253
1774986590862415152;1774986590862417829
1774986590862420739;1774986590862424010
1774986590862426954;1774986590862430119
1774986590862432837;1774986590862435939
1774986590862441335;1774986590862444484
1774986590862447354;1774986590862450011
1774986590862453055;1774986590862455796
1774986590862458633;1774986590862461615
1774986590862467102;1774986590862472894
1774986590862475923;1774986590862478779
1774986590862481514;1774986590862484461
1774986590862486928;1774986590862492529
1774986590862495404;1774986590862501122
1774986590862503880;1774986590862509557
1774986590862512473;1774986590862515446
1774986590862517937;1774986590862521274
1774986590862523862;1774986590862526880
1774986590862529379;1774986590862532856
1774986590862535331;1774986590862538645
1774986590862544089;1774986590862547228
1774986590862550062;1774986590862553058
1774986590862555540;1774986590862561248
1774986590862563967;1774986590862569535
1774986590862591465;1774986590862594255
1774986590862597105;1774986590862615313
1774986590862620881;1774986590862623684
1774986590862626619;1774986590862629230
1774986590862632132;1774986590862634750
1774986590862637703;1774986590862640402
1774986590862643132;1774986590862646232
1774986590862648940;1774986590862652340
1774986590862655027;1774986590862660494
1774986590862663432;1774986590862666209
1774986590862669050;1774986590862671798
1774986590862674672;1774986590862680357
1774986590862685884;1774986590862688928
1774986590862691648;1774986590862697153
1774986590862700070;1774986590862703013
1774986590862705491;1774986590862708413
1774986590862711140;1774986590862713746
1774986590862719409;1774986590862722183
1774986590862725071;1774986590862727946
1774986590862730419;1774986590862733425
1774986590862736024;1774986590862741660
1774986590862744590;1774986590862747530
1774986590862750009;1774986590862753229
1774986590862758608;1774986590862761768
1774986590862764233;1774986590862830929
1774986590862833861;1774986590862836818
1774986590862839296;1774986590862845147
1774986590862847844;1774986590862851041
1774986590862853777;1774986590862934289
1774986590863007300;1774986590863033092
1774986590863036573;1774986590863039134
1774986590863047379;1774986590863058597
1774986590863061801;1774986590863064306
1774986590863067618;1774986590863070277
1774986590863073208;1774986590863076073
1774986590863078954;1774986590863081593
1774986590863084400;1774986590863087260
1774986590863090142;1774986590863092762
1774986590863095542;1774986590863098380
1774986590863101297;1774986590863107084
1774986590863109744;1774986590863112533
1774986590863115227;1774986590863120625
1774986590863123658;1774986590863126276
1774986590863129293;1774986590863131904
1774986590863134870;1774986590863137309
1774986590863140183;1774986590863142946
1774986590863145773;1774986590863151274
1774986590863154101;1774986590863159399
1774986590863162284;1774986590863167863
1774986590863170696;1774986590863173488
1774986590863176139;1774986590863179105
1774986590863181625;1774986590863184600
1774986590863187086;1774986590863189975
1774986590863192650;1774986590863195716
1774986590863198246;1774986590863206812
1774986590863209494;1774986590863212269
1774986590863214905;1774986590863217687
1774986590863220587;1774986590863223244
1774986590863225906;1774986590863229577
1774986590863231957;1774986590863235239
1774986590863237936;1774986590863240778
1774986590863243632;1774986590863246420
1774986590863249352;1774986590863252127
1774986590863254930;1774986590863257722
1774986590863263296;1774986590863266198
1774986590863269132;1774986590863272105
1774986590863274891;1774986590863277574
1774986590863280365;1774986590863283128
1774986590863285958;1774986590863288713
1774986590863291870;1774986590863294468
1774986590863297396;1774986590863300057
1774986590863303026;1774986590863305677
1774986590863308571;1774986590863311408
1774986590863313871;1774986590863317396
1774986590863320116;1774986590863325682
1774986590863331121;1774986590863336997
1774986590863339746;1774986590863342667
1774986590863345469;1774986590863348084
1774986590863351288;1774986590863354084
1774986590863357022;1774986590863359617
1774986590863362441;1774986590863365232
1774986590863367705;1774986590863371034
1774986590863373799;1774986590863379356
1774986590863382564;1774986590863384998
1774986590863387924;1774986590863390534
1774986590863395971;1774986590863513037
1774986590863515973;1774986590863518667
1774986590863521531;1774986590863524157
1774986590863526964;1774986590863532454
1774986590863535474;1774986590863538079
1774986590863543519;1774986590863546979
1774986590863549663;1774986590863552437
1774986590863555413;1774986590863633528
1774986590863635998;1774986590863637235
1774986590863639226;1774986590863642929
1774986590863645873;1774986590863648694
1774986590863654239;1774986590863657284
1774986590863659741;1774986590863662665
1774986590863665487;1774986590863668163
1774986590863670971;1774986590863673737
1774986590863676357;1774986590863679147
1774986590863681987;1774986590863684587
1774986590863687405;1774986590863690038
1774986590863692874;1774986590863698337
1774986590863701166;1774986590863703916
1774986590863706727;1774986590863709362
1774986590863712196;1774986590863715007
1774986590863717463;1774986590863720773
1774986590863723487;1774986590863726130
1774986590863729023;1774986590863731968
1774986590863734603;1774986590863737547
1774986590863740338;1774986590863746057
1774986590863748826;1774986590863752196
1774986590863755297;1774986590863760552
1774986590863763402;1774986590863766287
1774986590863769081;1774986590863774672
1774986590863777312;1774986590863780543
1774986590863783202;1774986590863788849
1774986590863791609;1774986590863796844
1774986590863799663;1774986590863805303
1774986590863808067;1774986590863810990
1774986590863813541;1774986590863816403
1774986590863821803;1774986590863824909
1774986590863827365;1774986590863830243
1774986590863832953;1774986590863838493
1774986590863841260;1774986590863846943
1774986590863849699;1774986590863852429
1774986590863855429;1774986590863857868
1774986590863860961;1774986590863863600
1774986590863866360;1774986590863871902
1774986590863874540;1774986590863877516
1774986590863879990;1774986590863882884
1774986590863885699;1774986590863888366
1774986590863891180;1774986590863896459
1774986590863899271;1774986590863902165
1774986590863904621;1774986590863910284
1774986590863915622;1774986590863918680
1774986590863921147;1774986590863924168
1774986590863926635;1774986590863929509
1774986590863932141;1774986590863937681
1774986590863940320;1774986590863945755
1774986590863948630;1774986590863954297
1774986590863956988;1774986590863962524
1774986590863965367;1774986590863968301
1774986590863970853;1774986590863974072
1774986590863979493;1774986590863982456
1774986590863987760;1774986590863993655
1774986590863999089;1774986590864001904
1774986590864007420;1774986590864012798
1774986590864015769;1774986590864021033
1774986590864024033;1774986590864026933
1774986590864029394;1774986590864032264
1774986590864035033;1774986590864037663
1774986590864040495;1774986590864045765
1774986590864048636;1774986590864054276
1774986590864056924;1774986590864059638
1774986590864062458;1774986590864097092
1774986590864131083;1774986590864155325
1774986590864158060;1774986590864161247
1774986590864163998;1774986590864166958
1774986590864169472;1774986590864175196
1774986590864177911;1774986590864180515
1774986590864183375;1774986590864188969
1774986590864194661;1774986590864200613
1774986590864203349;1774986590864209177
1774986590864211876;1774986590864214591
1774986590864217462;1774986590864220386
1774986590864222876;1774986590864226273
1774986590864228958;1774986590864231817
1774986590864234542;1774986590864237160
1774986590864240058;1774986590864243254
1774986590864245947;1774986590864251442
1774986590864254313;1774986590864259928
1774986590864262850;1774986590864265595
1774986590864268423;1774986590864271387
1774986590864273877;1774986590864276838
1774986590864279558;1774986590864282360
1774986590864285051;1774986590864290740
1774986590864293439;1774986590864296251
1774986590864299120;1774986590864301745
1774986590864307263;1774986590864310406
1774986590864312901;1774986590864318837
1774986590864321787;1774986590864324722
1774986590864327218;1774986590864330281
1774986590864332756;1774986590864335914
1774986590864338621;1774986590864344199
1774986590864347212;1774986590864350060
1774986590864352764;1774986590864355639
1774986590864358330;1774986590864361065
1774986590864363963;1774986590864366575
1774986590864372237;1774986590864375255
1774986590864377936;1774986590864380658
1774986590864383537;1774986590864389066
1774986590864391820;1774986590864394446
1774986590864397427;1774986590864400086
1774986590864402936;1774986590864405532
1774986590864408441;1774986590864411103
1774986590864413936;1774986590864416802
1774986590864419497;1774986590864422291
1774986590864425113;1774986590864428104
1774986590864430576;1774986590864433879
1774986590864436576;1774986590864439488
1774986590864442145;1774986590864445055
1774986590864447729;1774986590864450586
1774986590864453278;1774986590864456020
1774986590864458917;1774986590864461547
1774986590864464382;1774986590864470193
1774986590864472904;1774986590864475918
1774986590864478380;1774986590864481553
1774986590864484267;1774986590864486850
1774986590864492429;1774986590864495297
1774986590864498105;1774986590864500814
1774986590864503666;1774986590864506648
1774986590864509124;1774986590864512365
1774986590864514713;1774986590864518098
1774986590864520834;1774986590864523775
1774986590864526268;1774986590864531959
1774986590864534667;1774986590864540268
1774986590864543190;1774986590864548959
1774986590864551679;1774986590864554482
1774986590864559857;1774986590864626247
1774986590864646294;1774986590864649645
1774986590864652479;1774986590864655312
1774986590864658072;1774986590864663789
1774986590864669216;1774986590864672025
1774986590864674754;1774986590864677619
1774986590864680373;1774986590864686212
1774986590864688919;1774986590864694592
1774986590864700239;1774986590864703423
1774986590864705904;1774986590864709294
1774986590864711852;1774986590864714755
1774986590864717462;1774986590864720370
1774986590864723083;1774986590864726092
1774986590864728780;1774986590864732098
1774986590864735130;1774986590864738046
1774986590864743606;1774986590864746933
1774986590864749843;1774986590864752574
1774986590864755429;1774986590864758058
1774986590864761152;1774986590864763773
1774986590864766791;1774986590864772699
1774986590864775434;1774986590864778366
1774986590864781084;1774986590864783724
1774986590864786741;1774986590864789376
1774986590864792262;1774986590864795220
1774986590864797705;1774986590864800787
1774986590864806237;1774986590864809161
1774986590864811661;1774986590864814973
1774986590864817679;1774986590864823387
1774986590864826085;1774986590864829223
1774986590864832435;1774986590864835348
1774986590864838230;1774986590864841002
1774986590864843913;1774986590864847071
1774986590864849556;1774986590864852868
1774986590864855586;1774986590864858363
1774986590864863926;1774986590864869721
1774986590864872738;1774986590864878169
1774986590864883836;1774986590864886974
1774986590864889587;1774986590864892878
1774986590864898582;1774986590864901697
1774986590864904534;1774986590864910032
1774986590864912739;1774986590864918383
1774986590864921100;1774986590864926800
1774986590864929499;1774986590864934953
1774986590864937812;1774986590864940718
1774986590864943510;1774986590864949164
1774986590864951919;1774986590864955164
1774986590864957803;1774986590864960755
1774986590864963236;1774986590864966558
1774986590864969241;1774986590864972033
1774986590864974903;1774986590864977790
1774986590864980250;1774986590864983567
1774986590864986278;1774986590864988908
1774986590864991723;1774986590864997135
1774986590865000084;1774986590865002756
1774986590865005839;1774986590865011358
1774986590865014067;1774986590865019536
1774986590865022454;1774986590865027797
1774986590865030502;1774986590865036136
1774986590865038840;1774986590865041725
1774986590865044455;1774986590865050200
1774986590865055590;1774986590865058700
1774986590865061190;1774986590865064043
1774986590865066752;1774986590865069711
1774986590865072177;1774986590865080522
1774986590865083373;1774986590865128561
1774986590865146424;1774986590865149180
1774986590865152009;1774986590865154879
1774986590865160272;1774986590865163308
1774986590865165995;1774986590865168800
1774986590865174187;1774986590865177103
1774986590865180083;1774986590865183068
1774986590865185568;1774986590865191148
1774986590865194078;1774986590865197044
1774986590865199515;1774986590865202426
1774986590865205140;1774986590865207765
1774986590865210579;1774986590865216188
1774986590865218871;1774986590865224741
1774986590865227671;1774986590865233131
1774986590865236006;1774986590865238886
1774986590865241589;1774986590865244724
1774986590865250252;1774986590865253397
1774986590865255867;1774986590865259073
1774986590865261914;1774986590865264524
1774986590865267350;1774986590865270323
1774986590865272784;1774986590865276105
1774986590865279081;1774986590865284927
1774986590865290485;1774986590865293802
1774986590865296664;1774986590865302368
1774986590865307740;1774986590865310648
1774986590865316199;1774986590865321928
1774986590865324827;1774986590865327467
1774986590865333024;1774986590865336123
1774986590865338734;1774986590865341633
1774986590865344466;1774986590865347207
1774986590865350259;1774986590865352717
1774986590865355592;1774986590865358587
1774986590865361075;1774986590865364398
1774986590865367108;1774986590865370249
1774986590865372713;1774986590865376014
1774986590865379218;1774986590865384728
1774986590865387425;1774986590865390227
1774986590865392938;1774986590865398576
1774986590865401299;1774986590865406875
1774986590865412438;1774986590865415555
1774986590865418162;1774986590865423799
1774986590865426500;1774986590865429353
1774986590865432056;1774986590865435176
1774986590865440681;1774986590865443528
1774986590865446546;1774986590865449114
1774986590865451993;1774986590865454621
1774986590865457501;1774986590865460334
1774986590865462825;1774986590865471194
1774986590865474085;1774986590865476844
1774986590865479766;1774986590865482605
1774986590865485289;1774986590865488127
1774986590865490820;1774986590865496438
1774986590865499392;1774986590865504891
1774986590865507596;1774986590865510378
1774986590865513262;1774986590865518794
1774986590865521502;1774986590865524361
1774986590865527066;1774986590865532711
1774986590865535419;1774986590865538398
1774986590865541030;1774986590865546684
1774986590865549572;1774986590865555133
1774986590865557832;1774986590865561087
1774986590865563673;1774986590865567106
1774986590865569670;1774986590865575564
1774986590865578274;1774986590865581283
1774986590865583972;1774986590865721652
1774986590865740851;1774986590865849134
1774986590865864983;1774986590865867703
1774986590865870714;1774986590865873833
1774986590865876765;1774986590865879708
1774986590865882802;1774986590865888363
1774986590865891244;1774986590865894400
1774986590865897140;1774986590865900090
1774986590865905660;1774986590865908666
1774986590865911541;1774986590865914340
1774986590865917219;1774986590865919995
1774986590865922985;1774986590865925941
1774986590865928960;1774986590865931674
1774986590865934541;1774986590865937225
1774986590865940049;1774986590865943041
1774986590865945512;1774986590865948455
1774986590865951157;1774986590865956901
1774986590865959762;1774986590865965726
1774986590865968429;1774986590865971466
1774986590865973961;1774986590865976898
1774986590865979562;1774986590865982383
1774986590865985096;1774986590865987758
1774986590865990648;1774986590865993643
1774986590865996120;1774986590865999092
1774986590866001790;1774986590866004813
1774986590866007288;1774986590866010249
1774986590866012938;1774986590866015903
1774986590866018589;1774986590866027306
1774986590866029987;1774986590866033264
1774986590866035949;1774986590866038805
1774986590866041639;1774986590866044478
1774986590866047340;1774986590866049968
1774986590866052792;1774986590866056038
1774986590866058765;1774986590866061760
1774986590866064223;1774986590866067394
1774986590866072882;1774986590866075853
1774986590866078348;1774986590866084376
1774986590866087338;1774986590866090030
1774986590866093034;1774986590866098478
1774986590866101386;1774986590866107114
1774986590866109858;1774986590866118660
1774986590866121354;1774986590866124739
1774986590866127349;1774986590866130682
1774986590866133391;1774986590866136340
1774986590866139303;1774986590866142230
1774986590866144683;1774986590866150470
1774986590866153326;1774986590866155970
1774986590866158934;1774986590866161970
1774986590866164429;1774986590866167869
1774986590866170755;1774986590866173912
1774986590866176634;1774986590866179267
1774986590866184827;1774986590866187961
1774986590866191032;1774986590866193878
1774986590866196577;1774986590866199341
1774986590866204893;1774986590866208292
1774986590866211116;1774986590866213871
1774986590866216741;1774986590866219381
1774986590866222347;1774986590866225027
1774986590866227831;1774986590866230662
1774986590866233356;1774986590866236287
1774986590866238977;1774986590866242139
1774986590866244861;1774986590866247514
1774986590866250492;1774986590866253139
1774986590866256014;1774986590866258681
1774986590866264217;1774986590866370209
1774986590866393657;1774986590866396264
1774986590866399531;1774986590866402089
1774986590866404934;1774986590866407572
1774986590866410453;1774986590866413340
1774986590866415802;1774986590866418768
1774986590866421480;1774986590866424120
1774986590866426973;1774986590866429782
1774986590866432653;1774986590866438050
1774986590866440940;1774986590866453441
1774986590866456366;1774986590866459341
1774986590866464816;1774986590866468007
1774986590866470482;1774986590866473751
1774986590866476471;1774986590866479337
1774986590866482043;1774986590866484977
1774986590866487669;1774986590866490574
1774986590866493519;1774986590866496298
1774986590866499137;1774986590866501982
1774986590866504799;1774986590866510347
1774986590866513284;1774986590866516274
1774986590866518737;1774986590866521925
1774986590866524633;1774986590866527608
1774986590866530085;1774986590866536226
1774986590866538915;1774986590866544655
1774986590866547396;1774986590866552915
1774986590866555775;1774986590866558775
1774986590866561248;1774986590866564219
1774986590866566896;1774986590866569680
1774986590866572503;1774986590866578105
1774986590866581055;1774986590866583753
1774986590866586624;1774986590866589510
1774986590866591990;1774986590866594916
1774986590866597651;1774986590866612921
1774986590866616306;1774986590866622177
1774986590866624887;1774986590866630595
1774986590866633475;1774986590866636465
1774986590866638932;1774986590866641917
1774986590866644644;1774986590866650452
1774986590866653152;1774986590866658876
1774986590866661640;1774986590866664587
1774986590866667287;1774986590866669927
1774986590866672778;1774986590866678413
1774986590866681357;1774986590866684413
1774986590866686977;1774986590866692631
1774986590866695511;1774986590866698463
1774986590866701056;1774986590866704179
1774986590866709605;1774986590866712603
1774986590866715459;1774986590866718353
1774986590866721029;1774986590866723886
1774986590866726752;1774986590866732265
1774986590866735227;1774986590866740730
1774986590866743674;1774986590866746660
1774986590866749154;1774986590866752352
1774986590866755040;1774986590866758091
1774986590866760571;1774986590866766400
1774986590866769347;1774986590866775003
1774986590866777698;1774986590866783420
1774986590866786114;1774986590866789068
1774986590866791555;1774986590866794675
1774986590866797300;1774986590866800431
1774986590866803133;1774986590866805979
1774986590866808443;1774986590866811388
1774986590866814081;1774986590866816732
1774986590866819558;1774986590866822199
1774986590866825134;1774986590867047056
1774986590867066250;1774986590867069005
1774986590867071854;1774986590867077449
1774986590867080139;1774986590867083014
1774986590867085773;1774986590867088574
1774986590867091265;1774986590867094087
1774986590867099658;1774986590867102860
1774986590867105574;1774986590867108741
1774986590867111520;1774986590867114496
1774986590867116980;1774986590867120116
1774986590867122592;1774986590867125548
1774986590867128237;1774986590867131172
1774986590867133861;1774986590867136690
1774986590867139432;1774986590867142206
1774986590867147788;1774986590867150882
1774986590867153563;1774986590867156522
1774986590867162066;1774986590867165414
1774986590867168112;1774986590867171414
1774986590867174137;1774986590867176959
1774986590867179838;1774986590867183089
1774986590867185849;1774986590867188490
1774986590867191544;1774986590867194309
1774986590867197174;1774986590867200128
1774986590867203023;1774986590867205689
1774986590867211232;1774986590867214315
1774986590867217314;1774986590867220049
1774986590867225629;1774986590867228582
1774986590867231601;1774986590867237018
1774986590867239888;1774986590867242666
1774986590867245351;1774986590867247994
1774986590867250957;1774986590867253648
1774986590867256578;1774986590867259541
1774986590867262296;1774986590867267953
1774986590867270828;1774986590867273477
1774986590867276296;1774986590867279056
1774986590867281879;1774986590867284625
1774986590867287514;1774986590867292926
1774986590867295806;1774986590867298797
1774986590867301284;1774986590867304365
1774986590867307056;1774986590867309696
1774986590867312609;1774986590867315371
1774986590867318365;1774986590867321125
1774986590867323817;1774986590867326973
1774986590867329659;1774986590867332418
1774986590867335102;1774986590867340842
1774986590867343744;1774986590867346413
1774986590867349229;1774986590867352011
1774986590867357525;1774986590867360459
1774986590867363485;1774986590867366021
1774986590867368848;1774986590867371486
1774986590867374372;1774986590867377433
1774986590867379901;1774986590867388303
1774986590867390991;1774986590867394152
1774986590867396870;1774986590867399843
1774986590867402308;1774986590867410897
1774986590867416468;1774986590867419540
1774986590867422373;1774986590867425086
1774986590867430628;1774986590867434032
1774986590867436873;1774986590867442570
1774986590867445249;1774986590867450837
1774986590867456447;1774986590867462345
1774986590867465421;1774986590867467975
1774986590867470825;1774986590867476565
1774986590867479462;1774986590867482493
1774986590867485113;1774986590867542510
1774986590867557696;1774986590867560401
1774986590867563275;1774986590867566290
1774986590867571736;1774986590867574874
1774986590867577590;1774986590867580247
1774986590867583132;1774986590867586043
1774986590867588491;1774986590867591499
1774986590867594197;1774986590867597108
1774986590867614772;1774986590867617559
1774986590867620502;1774986590867623628
1774986590867626549;1774986590867629878
1774986590867632568;1774986590867635416
1774986590867638234;1774986590867641360
1774986590867644277;1774986590867647179
1774986590867650079;1774986590867652992
1774986590867655800;1774986590867658907
1774986590867661587;1774986590867664920
1774986590867667844;1774986590867670648
1774986590867673486;1774986590867676329
1774986590867679200;1774986590867682113
1774986590867685034;1774986590867687843
1774986590867690731;1774986590867693685
1774986590867696384;1774986590867699171
1774986590867702129;1774986590867704815
1774986590867707953;1774986590867710592
1774986590867713519;1774986590867716310
1774986590867719149;1774986590867721899
1774986590867724874;1774986590867727596
1774986590867730499;1774986590867733404
1774986590867735869;1774986590867738994
1774986590867741669;1774986590867744566
1774986590867747253;1774986590867752861
1774986590867755732;1774986590867758500
1774986590867761395;1774986590867764066
1774986590867766738;1774986590867769655
1774986590867772362;1774986590867775329
1774986590867777807;1774986590867780785
1774986590867786170;1774986590867789140
1774986590867791813;1774986590867794798
1774986590867797270;1774986590867800411
1774986590867803097;1774986590867805739
1774986590867808655;1774986590867811285
1774986590867816846;1774986590867820063
1774986590867822537;1774986590867825703
1774986590867828443;1774986590867831281
1774986590867833970;1774986590867837002
1774986590867839470;1774986590867842637
1774986590867845353;1774986590867848262
1774986590867850949;1774986590867859887
1774986590867862796;1774986590867865472
1774986590867873699;1774986590867876517
1774986590867879392;1774986590867882267
1774986590867884752;1774986590867887883
1774986590867890574;1774986590867893569
1774986590867896038;1774986590867901872
1774986590867904547;1774986590867907440
1774986590867910124;1774986590867913305
1774986590867915991;1774986590867919123
1774986590867921815;1774986590867924873
1774986590867927343;1774986590867930330
1774986590867933007;1774986590867935867
1774986590867938575;1774986590867941481
1774986590867944445;1774986590867947222
1774986590867950231;1774986590867952904
1774986590867956005;1774986590868012432
1774986590868032210;1774986590868035281
1774986590868037757;1774986590868040646
1774986590868043371;1774986590868046637
1774986590868049107;1774986590868052336
1774986590868055031;1774986590868057676
1774986590868060652;1774986590868066209
1774986590868069069;1774986590868074851
1774986590868077532;1774986590868080508
1774986590868083194;1774986590868085958
1774986590868088814;1774986590868091787
1774986590868094253;1774986590868097199
1774986590868099883;1774986590868102864
1774986590868108412;1774986590868111513
1774986590868114190;1774986590868117079
1774986590868119898;1774986590868122893
1774986590868125364;1774986590868128667
1774986590868131620;1774986590868134315
1774986590868137129;1774986590868139908
1774986590868142758;1774986590868145654
1774986590868148340;1774986590868151190
1774986590868153653;1774986590868156764
1774986590868162211;1774986590868168015
1774986590868170890;1774986590868176640
1774986590868179311;1774986590868182247
1774986590868184936;1774986590868187836
1774986590868190512;1774986590868198899
1774986590868201645;1774986590868204432
1774986590868207261;1774986590868210086
1774986590868213045;1774986590868215724
1774986590868218516;1774986590868221923
1774986590868224853;1774986590868227530
1774986590868230415;1774986590868233081
1774986590868238631;1774986590868242013
1774986590868244692;1774986590868247626
1774986590868250308;1774986590868255889
1774986590868258748;1774986590868261698
1774986590868264401;1774986590868267041
1774986590868269873;1774986590868272843
1774986590868275318;1774986590868278642
1774986590868281517;1774986590868305704
1774986590868308390;1774986590868311792
1774986590868314552;1774986590868317234
1774986590868320094;1774986590868322819
1774986590868325620;1774986590868328502
1774986590868331199;1774986590868333882
1774986590868336667;1774986590868339643
1774986590868342329;1774986590868348018
1774986590868350891;1774986590868353852
1774986590868356523;1774986590868362485
1774986590868364995;1774986590868367891
1774986590868370773;1774986590868373686
1774986590868376144;1774986590868379316
1774986590868382043;1774986590868390716
1774986590868393663;1774986590868396482
1774986590868399383;1774986590868402054
1774986590868404925;1774986590868407919
1774986590868410399;1774986590868413679
1774986590868416594;1774986590868419451
1774986590868422139;1774986590868424905
1774986590868427751;1774986590868430729
1774986590868433424;1774986590868439111
1774986590868441966;1774986590868447655
1774986590868450509;1774986590868453150
1774986590868456092;1774986590868500051
1774986590868517503;1774986590868520520
1774986590868522998;1774986590868526137
1774986590868528828;1774986590868531814
1774986590868534282;1774986590868537489
1774986590868540194;1774986590868542839
1774986590868545731;1774986590868548537
1774986590868551387;1774986590868554382
1774986590868556847;1774986590868559798
1774986590868562486;1774986590868565125
1774986590868567945;1774986590868570612
1774986590868573614;1774986590868579012
1774986590868581880;1774986590868584845
1774986590868587558;1774986590868593066
1774986590868598612;1774986590868628456
1774986590868631174;1774986590868634364
1774986590868639775;1774986590868642924
1774986590868645394;1774986590868648805
1774986590868651502;1774986590868659837
1774986590868662535;1774986590868665472
1774986590868670947;1774986590868676842
1774986590868679540;1774986590868682430
1774986590868685132;1774986590868687805
1774986590868690633;1774986590868693300
1774986590868696140;1774986590868699151
1774986590868701633;1774986590868704628
1774986590868707328;1774986590868710342
1774986590868712808;1774986590868715772
1774986590868718468;1774986590868721286
1774986590868726712;1774986590868730069
1774986590868732759;1774986590868735777
1774986590868738463;1774986590868741444
1774986590868744407;1774986590868747083
1774986590868750061;1774986590868752740
1774986590868755601;1774986590868761374
1774986590868764319;1774986590868767115
1774986590868769986;1774986590868772802
1774986590868778236;1774986590868781403
1774986590868784273;1774986590868786949
1774986590868789834;1774986590868792499
1774986590868795298;1774986590868798104
1774986590868800954;1774986590868803850
1774986590868806563;1774986590868809548
1774986590868812225;1774986590868815070
1774986590868817965;1774986590868820683
1774986590868823519;1774986590868826205
1774986590868829085;1774986590869090309
1774986590869109283;1774986590869112119
1774986590869115314;1774986590869118040
1774986590869121054;1774986590869126477
1774986590869129486;1774986590869132587
1774986590869135161;1774986590869140842
1774986590869143546;1774986590869146545
1774986590869149165;1774986590869155203
1774986590869157911;1774986590869160972
1774986590869163531;1774986590869166718
1774986590869169421;1774986590869172733
1774986590869178126;1774986590869181093
1774986590869183983;1774986590869186853
1774986590869189777;1774986590869192607
1774986590869195444;1774986590869198389
1774986590869201113;1774986590869203764
1774986590869206734;1774986590869209520
1774986590869212378;1774986590869218093
1774986590869220776;1774986590869858326
1774986590869874979;1774986590869877667
1774986590869880874;1774986590869883743
1774986590869886229;1774986590869889285
1774986590869892103;1774986590869897659
1774986590869900557;1774986590869903391
1774986590869906274;1774986590869909113
1774986590869911798;1774986590869914697
1774986590869917386;1774986590869920160
1774986590869925485;1774986590869928587
1774986590869934019;1774986590869937129
1774986590869939600;1774986590869942542
1774986590869945240;1774986590869948063
1774986590869950750;1774986590869953404
1774986590869956225;1774986590869958865
1774986590869961750;1774986590869964794
1774986590869967270;1774986590869970231
1774986590869972918;1774986590869976280
1774986590869979005;1774986590869981628
1774986590869984549;1774986590869987231
1774986590869990096;1774986590869993055
1774986590869995517;1774986590869998472
1774986590870001162;1774986590870006871
1774986590870009555;1774986590870017972
1774986590870020969;1774986590870023680
1774986590870026487;1774986590870029127
1774986590870031940;1774986590870034936
1774986590870037415;1774986590870040551
1774986590870043232;1774986590870046152
1774986590870048848;1774986590870051751
1774986590870054445;1774986590870057117
1774986590870059987;1774986590870065640
1774986590870068330;1774986590870073868
1774986590870076807;1774986590870079941
1774986590870082676;1774986590870085341
1774986590870088187;1774986590870091140
1774986590870094021;1774986590870096997
1774986590870099913;1774986590870102956
1774986590870105679;1774986590870108729
1774986590870111442;1774986590870114413
