1512278832351;1512278882412
1512278891485;1512278901276
1512278907373;1512278915934
1512278927591;1512278933812
1512278941299;1512278947307
1512278954038;1512278959459
1512278963908;1512278968249
1512278975102;1512278979633
1512278984380;1512278988496
1512278995105;1512279000189
1512279004757;1512279009788
1512279016711;1512279022144
1512279035528;1512279051092
1512279057261;1512279061742
1512279066022;1512279070444
1512279081587;1512279527403
1512279536227;1512279559908
1512279621655;1512279663036
1512279669607;1512279676405
1512279681558;1512279686177
1512279690024;1512279694104
1512279697786;1512279701540
1512279705830;1512279722782
1512279727768;1512279745021
1512279751074;1512279757229
1512279762050;1512279771922
1512279784717;1512279790339
1512279799664;1512279806892
1512279811715;1512279829000
1512279833914;1512279849245
1512279853811;1512279868599
1512279873480;1512279879706
1512279886043;1512279892123
1512279901611;1512279931643
1512279938552;1512279951556
1512279956357;1512279980518
1512279985531;1512279990739
1512279995498;1512280020072
1512280029110;1512280039547
1512280048297;1512280052986
1512280058212;1512280062658
1512280082309;1512280086308
1512280108115;1512280112644
1512280118463;1512280122900
1512280128010;1512280132403
1512280136493;1512280154764
1512280160205;1512280164512
1512280169463;1512280173404
1512280178262;1512280183071
1512280186961;1512280190838
1512280194668;1512280198497
1512280202258;1512280206113
1512280210335;1512280214162
1512280217903;1512280222056
1512280241950;1512280246050
1512280250478;1512280254517
1512280259242;1512280263174
1512280267463;1512280271401
1512280275911;1512280280477
1512280284594;1512280288572
1512280294785;1512280299519
1512280304778;1512280309218
1512280314342;1512280318741
1512280324345;1512280329240
1512280334104;1512280338575
1512280343173;1512280348239
1512280353107;1512280357772
1512280361964;1512280366342
1512280370516;1512280374978
1512280379717;1512280384844
1512280389303;1512280393649
1512280398497;1512280404403
1512280409407;1512280415095
1512280420298;1512280425355
1512280429910;1512280434793
1512280439669;1512280446953
1512280453409;1512280457831
1512280462332;1512280466801
1512280471276;1512280475369
1512280479292;1512280483125
1512280487598;1512280491540
1512280495952;1512280499845
1512280504323;1512280508771
1512280512749;1512280517211
1512280521194;1512280527594
1512280532961;1512280542822
1512280619131;1512280627073
1512280634490;1512280639877
1512280645583;1512280652818
1512280657945;1512280662741
1512280666875;1512280671241
1512280675747;1512280681430
1512280687430;1512280695128
1512280699871;1512280705417
1512280710971;1512280716139
1512280726476;1512280730748
1512280735451;1512280740741
1512280745199;1512280750000
1512280753885;1512280761284
1512280767458;1512280771607
1512280779666;1512280790395
1512280809932;1512280814388
1512280818466;1512280823072
1512280827067;1512280831487
1512280835369;1512280839819
1512280844685;1512280850452
1512280854194;1512280858707
1512280862712;1512280951599
1512280969488;1512280974449
1512280997278;1512281003124
1512281007652;1512281011729
1512281015650;1512281021384
1512281028394;1512281033389
1512281037258;1512281042172
1512281046976;1512281051733
1512281056772;1512281061584
1512281066131;1512281070942
1512281077091;1512281083085
1512281088136;1512281093251
1512281098125;1512281103479
1512281107607;1512281112322
1512281117185;1512281121659
1512281140070;1512281144461
1512281163917;1512281168380
1512281172775;1512281176537
1512281180989;1512281185486
1512281189516;1512281193687
1512281197927;1512281201583
1512281205610;1512281209351
1512281213668;1512281217789
1512281221846;1512281225885
1512281229967;1512281234386
1512281238306;1512281242255
1512281246183;1512281250143
1512281253824;1512281258196
1512281262113;1512281266643
1512281270569;1512281275060
1512281279564;1512281283498
1512281287823;1512281291773
1512281295701;1512281299765
1512281303943;1512281307914
1512281312321;1512281317225
1512281322343;1512281326807
1512281330690;1512281334652
1512281338705;1512281343332
1512281347508;1512281351458
1512281356309;1512281360301
1512281364325;1512281368997
1512281372945;1512281377382
1512281381868;1512281385826
1512281390200;1512281394166
1512281400379;1512281405336
1512281411200;1512281416455
1512281420724;1512281425132
1512281430448;1512281434810
1512281442116;1512281446282
1512281450606;1512281456175
1512281460243;1512281464197
1512281468458;1512281473374
1512281478299;1512281482554
1512281487426;1512281491674
1512281496210;1512281499965
1512281908798;1512281913113
1512281917235;1512281921813
1512281939634;1512281943264
1512281946826;1512281951417
1512281977830;1512281982868
1512281987944;1512281992396
1512281997423;1512282003043
1512282007032;1512282011265
1512282015603;1512282020621
1512282024560;1512282029004
1512282033262;1512282037396
1512282042454;1512282046425
1512282051944;1512282056128
1512282060616;1512282064296
1512282070259;1512282074471
1512282079911;1512282084645
1512282089351;1512282112028
1512282139471;1512282146742
1512282152416;1512282157582
1512282162751;1512282167384
1512282172515;1512282177383
1512282182446;1512282186694
1512282191496;1512282195948
1512282202280;1512282207246
1512282212368;1512282216665
1512282221737;1512282225640
1512282229610;1512282233975
1512282238643;1512282244091
1512282249756;1512282259493
1512282265048;1512282272386
1512282277722;1512282285323
1512282290232;1512282294390
1512282298741;1512282305942
1512282311223;1512282315562
1512282320176;1512282324178
1512282329216;1512282333728
1512282338070;1512282342961
1512282347818;1512282352217
1512282357130;1512282361119
1512282365876;1512282369766
1512282374078;1512282378483
1512282383420;1512282387936
1512282392150;1512282397751
1512282402709;1512282407136
1512282411350;1512282415817
1512282420435;1512282424921
1512282429605;1512282434007
1512282438869;1512282442603
1512282446866;1512282452109
1512282456783;1512282461229
1512282465500;1512282470296
1512282474379;1512282479083
1512282483090;1512282487023
1512282491692;1512282496352
1512282501080;1512282505099
1512282509968;1512282514781
1512282519541;1512282523890
1512282528484;1512282533381
1512282537628;1512282542418
1512282546445;1512282550823
1512282556940;1512282561720
1512282566339;1512282570354
1512282574010;1512282578097
1512282582757;1512282587279
1512282591288;1512282595801
1512282599966;1512282604462
1512282609442;1512282613445
1512282618175;1512282622633
1512282626550;1512282630479
1512282635144;1512282640234
1512282644891;1512282650506
1512282655369;1512282659361
1512282663780;1512282668080
1512282672332;1512282676610
1512282681540;1512282686282
1512282690812;1512282695525
1512282701105;1512282706660
1512282711030;1512282715742
1512282720405;1512282725099
1512282729044;1512282733801
1512282738743;1512282743270
1512282747896;1512282752410
1512282756832;1512282761516
1512282765988;1512282770258
1512282774522;1512282779647
1512282784139;1512282788880
1512282793554;1512282798203
1512282803290;1512282807376
1512282811912;1512282817486
1512282821185;1512282825150
1512282829742;1512282834277
1512282839337;1512282844051
1512282848346;1512282852997
1512282857865;1512282863045
1512282868659;1512282872866
1512282877302;1512282882454
1512282886464;1512282891654
1512282895475;1512282903809
1512282909440;1512282915953
1512282920591;1512282925138
1512282929653;1512282933946
1512282937924;1512282942739
1512282947235;1512282951450
1512282956666;1512282960950
1512282964984;1512282969000
1512282973001;1512282977319
1512282981826;1512282985777
1512282990295;1512282994889
1512282998842;1512283002522
1512283007622;1512283012686
1512283017165;1512283021350
1512283025524;1512283032058
1512283035866;1512283040428
1512283045349;1512283051356
1512283055942;1512283061635
1512283066323;1512283072396
1512283076583;1512283082319
1512283087150;1512283092368
1512283097728;1512283103444
1512283108257;1512283114385
1512283118567;1512283123635
1512283128050;1512283133177
1512283137660;1512283141450
1512283145795;1512283151891
1512283156734;1512283162934
1512283168014;1512283171801
1512283176439;1512283181555
1512283186634;1512283192271
1512283197151;1512283202294
1512283206673;1512283212198
1512283217152;1512283222805
1512283227140;1512283232200
1512283236395;1512283242405
1512283247101;1512283253211
1512283257823;1512283263955
1512283268537;1512283274239
1512283278789;1512283284114
1512283288493;1512283293234
1512283297691;1512283302973
1512283307803;1512283312515
1512283316907;1512283321652
1512283326589;1512283330913
1512283334881;1512283339157
1512283343667;1512283348063
1512283351968;1512283356711
1512283361784;1512283365730
1512283369700;1512283373835
1512283377885;1512283382092
1512283385781;1512283390587
1512283395587;1512283400402
1512283407210;1512283413020
1512283418386;1512283422448
1512283427063;1512283431253
1512283435824;1512283440510
1512283444996;1512283449324
1512283453814;1512283458259
1512283462231;1512283466797
1512283471271;1512283475742
1512283482650;1512283486729
1512283493709;1512283498157
1512283505040;1512283509355
1512283516314;1512283520613
1512283527787;1512283532854
1512283537386;1512283549703
1512283554180;1512283558253
1512283562649;1512283566671
1512283571008;1512283575520
1512283581511;1512283585785
1512283592005;1512283598035
1512283609316;1512283615446
1512283620108;1512283624385
1512283628391;1512283632906
1512283637389;1512283644269
1512283648843;1512283653632
1512283657630;1512283661965
1512283667576;1512283671619
1512283675704;1512283679982
1512283684596;1512283688822
1512283693420;1512283697307
1512283701201;1512283705747
1512283710165;1512283714504
1512283718875;1512283722864
1512283726743;1512283731548
1512283735585;1512283740600
1512283745118;1512283749061
1512283753035;1512283757740
1512283762735;1512283767262
1512283771788;1512283775532
1512283779619;1512283784652
1512283789112;1512283793485
1512283797427;1512283802374
1512283808188;1512283813320
1512283818949;1512283823605
1512283829402;1512283833735
1512283838747;1512283843111
1512283847030;1512283851479
1512283855441;1512283859240
1512283863677;1512283867689
1512283872126;1512283876638
1512283880600;1512283884461
1512283888460;1512283892901
1512283898888;1512283902893
1512283907168;1512283911705
1512283915887;1512283920240
1512283924995;1512283929394
1512283933924;1512283938358
1512283942641;1512283947405
1512283952144;1512283956880
1512283961109;1512283965389
1512283969445;1512283973660
1512283978461;1512283983223
1512283987964;1512283993007
1512283997268;1512284002216
1512284006919;1512284011011
1512284015781;1512284019924
1512284024587;1512284028661
1512284032855;1512284037423
1512284041348;1512284045733
1512284049911;1512284054339
1512284059156;1512284064262
1512284068437;1512284072452
1512284077151;1512284081590
1512284086286;1512284091020
1512284095168;1512284099925
1512284105217;1512284110138
1512284114806;1512284119364
1512284123649;1512284127848
1512284132160;1512284136656
1512284141466;1512284145475
1512284150264;1512284154464
1512284158781;1512284162809
1512284167972;1512284172004
1512284177335;1512284182505
1512284186869;1512284191006
1512284195312;1512284199417
1512284203394;1512284207819
1512284213202;1512284221716
1512284226867;1512284232194
1512284236437;1512284241127
1512284245880;1512284249919
1512284254251;1512284259374
1512284264155;1512284269153
1512284273369;1512284277115
1512284281903;1512284285918
1512284290655;1512284295360
1512284299589;1512284304028
1512284308768;1512284313948
1512284324948;1512284329867
1512284334417;1512284338183
1512284343423;1512284348725
1512284353879;1512284357689
1512284361414;1512284366262
1512284405687;1512284410925
1512284416830;1512284423722
1512284428511;1512284434722
1512284441077;1512284448172
1512284455404;1512284463792
1512284468416;1512284473693
1512284478233;1512284482477
1512284486561;1512284490862
1512284494922;1512284498843
1512284503915;1512284509592
1512284515923;1512284521856
1512284525755;1512284530099
1512284561326;1512284566177
1512284570642;1512284575679
1512284579986;1512284584660
1512284590261;1512284594514
1512284598487;1512284602406
1512284907539;1512284913534
1512284918024;1512284922267
1512284926748;1512284930526
1512284934959;1512284939610
1512284944830;1512284948896
1512284953267;1512284958512
1512284963795;1512284967951
1512284971511;1512284976231
1512284981922;1512284987465
1512284991584;1512284996175
1512285000132;1512285004329
1512285008808;1512285012469
1512285016907;1512285021442
1512285025978;1512285030175
1512285034264;1512285037907
1512285042676;1512285046255
1512285050197;1512285053748
1512285058147;1512285061729
1512285066699;1512285070811
1512285074457;1512285077995
1512285082484;1512285086130
1512285089662;1512285093219
1512285097655;1512285101748
1512285105837;1512285110335
1512285114379;1512285118603
1512285122658;1512285126765
1512285130345;1512285134887
1512285139408;1512285143207
1512285147198;1512285151210
1512285154770;1512285158345
1512285162837;1512285166464
1512285170925;1512285175001
1512285179529;1512285183570
1512285187651;1512285191817
1512285195836;1512285200030
1512285204068;1512285208675
1512285212198;1512285215756
1512285219695;1512285223267
1512285227211;1512285230827
1512285235320;1512285239433
1512285243450;1512285247476
1512285251485;1512285255028
1512285259017;1512285263177
1512285268161;1512285271812
1512285276267;1512285279971
1512285283945;1512285287997
1512285291561;1512285295650
1512285299640;1512285303788
1512285307762;1512285311976
1512285316513;1512285320723
1512285325209;1512285329392
1512285333410;1512285337098
1512285341120;1512285345708
1512285349793;1512285353410
1512285357881;1512285362009
1512285366528;1512285370225
1512285374241;1512285378455
1512285382447;1512285386726
1512285390721;1512285394380
1512285398841;1512285402989
1512285407634;1512285411351
1512285415338;1512285419013
1512285422462;1512285426215
1512285429745;1512285433472
1512285437430;1512285441675
1512285445732;1512285449408
1512285454060;1512285458822
1512285462866;1512285466396
1512285471031;1512285475229
1512285480049;1512285483676
1512285488600;1512285492678
1512285496675;1512285500679
1512285504658;1512285508792
1512285512773;1512285516613
1512285521082;1512285525308
1512285529841;1512285533652
1512285537562;1512285541681
1512285546160;1512285549851
1512285554280;1512285559065
1512285562665;1512285566723
1512285571080;1512285574860
1512285579330;1512285583661
1512285587726;1512285591816
1512285595848;1512285599468
1512285603392;1512285607437
1512285611876;1512285616094
1512285620115;1512285623669
1512285627784;1512285631963
1512285637072;1512285641351
1512285645319;1512285648975
1512285653395;1512285656945
1512285661357;1512285665600
1512285670126;1512285674296
1512285678783;1512285683495
1512285687679;1512285691463
1512285696049;1512285700482
1512285705926;1512285711373
1512285716409;1512285721349
1512285725756;1512285730169
1512285734545;1512285739842
1512285744225;1512285748597
1512285753522;1512285762129
1512285770513;1512285775462
1512285780250;1512285785482
1512285790103;1512285794043
1512285798916;1512285802971
1512285808009;1512285813324
1512285818163;1512285822980
1512285827866;1512285833530
1512285837935;1512285841617
1512285846536;1512285850942
1512285855643;1512285861397
1512285865839;1512285871579
1512285876198;1512285880844
1512285885658;1512285891437
1512285899212;1512285905160
1512285909694;1512285920076
1512285926625;1512285931508
1512285936001;1512285940414
1512285945226;1512285949551
1512285953933;1512285958301
1512285963088;1512285967405
1512285972155;1512285977021
1512285981269;1512285986126
1512285990407;1512285995321
1512286000611;1512286004881
1512286009698;1512286014985
1512286019284;1512286024207
1512286029066;1512286033452
1512286038388;1512286043632
1512286048001;1512286052318
1512286057101;1512286061911
1512286066212;1512286240501
1512286248797;1512286254348
1512286258842;1512286264061
1512286268979;1512286274416
1512286278770;1512286283977
1512286288288;1512286293643
1512286298808;1512286305761
1512286310622;1512286329790
1512286334557;1512286339561
1512286344383;1512286348820
1512286354204;1512286357998
1512286362708;1512286368126
1512286371909;1512286376268
1512286381437;1512286386790
1512286391966;1512286395646
1512286399966;1512286405090
1512286409159;1512286413363
1512286417050;1512286422329
1512286426626;1512286430892
1512286435587;1512286440166
1512286445384;1512286449711
1512286453966;1512286457747
1512286462504;1512286466924
1512286471742;1512286476387
1512286480176;1512286485029
1512286489316;1512286494032
1512286499123;1512286503861
1512286508557;1512286512873
1512286517710;1512286522009
1512286526741;1512286532075
1512286536851;1512286541805
1512286545519;1512286549928
1512286554708;1512286559616
1512286564344;1512286567998
1512286572142;1512286576244
1512286580296;1512286584326
1512286587966;1512286592984
1512286597984;1512286603136
1512286607291;1512286611678
1512286615895;1512286620254
1512286625100;1512286629696
1512286633366;1512286638196
1512286642479;1512286646835
1512286652021;1512286656820
1512286661691;1512286666364
1512286670498;1512286674681
1512286678400;1512286682162
1512286685780;1512286689449
1512286693096;1512286696743
1512286700373;1512286703902
1512286707984;1512286712008
1512286716594;1512286720120
1512286723761;1512286728674
1512286732364;1512286737548
1512286743414;1512286747197
1512286752277;1512286756683
1512286761145;1512286766166
1512286770231;1512286774525
1512286779587;1512286784541
1512286788592;1512286792816
1512286797836;1512286802767
1512286806874;1512286811151
1512286815679;1512286821748
1512286827056;1512286830812
1512286835128;1512286839410
1512286844008;1512286848695
1512286853500;1512286857792
1512286862427;1512286866543
1512286870697;1512286875096
1512286878734;1512286883344
1512286887492;1512286891570
1512286895654;1512286901036
1512286904816;1512286908615
1512286912173;1512286916348
1512286920346;1512286923925
1512286941985;1512286945559
1512286949039;1512286955553
1512286959878;1512286963919
1512286969145;1512286989268
1512286993943;1512287003613
1512287009213;1512287013651
1512287018306;1512287023331
1512287028534;1512287032341
1512287036692;1512287041501
1512287046261;1512287050908
1512287055746;1512287061153
1512287066050;1512287070412
1512287074759;1512287078494
1512287082835;1512287088175
1512287093036;1512287097335
1512287101823;1512287106822
1512287112053;1512287116211
1512287120411;1512287124871
1512287129935;1512287134064
1512287138817;1512287143526
1512287147721;1512287152076
1512287156845;1512287162621
1512287167640;1512287171365
1512287175703;1512287180736
1512287184807;1512287207796
1512287212480;1512287217588
1512287235556;1512287239664
1512287243198;1512287264986
1512287268598;1512287272255
1512287276380;1512287280475
1512287284048;1512287288621
1512287293195;1512287296818
1512287300338;1512287304862
1512287308921;1512287312558
1512287316114;1512287319746
1512287324253;1512287329957
1512287334701;1512287338547
1512287342581;1512287346963
1512287350952;1512287355213
1512287358756;1512287362527
1512287367060;1512287371874
1512287376605;1512287380322
1512287384330;1512287388146
1512287392678;1512287397459
1512287402104;1512287406412
1512287409956;1512287413702
1512287417653;1512287421813
1512287425795;1512287431567
1512287435778;1512287440000
1512287444049;1512287447702
1512287451725;1512287455923
1512287459390;1512287463625
1512287467192;1512287470941
1512287474880;1512287478626
1512287482660;1512287486293
1512287491029;1512287494675
1512287498666;1512287502870
1512287506787;1512287512037
1512287517822;1512287523143
1512287527877;1512287532128
1512287537394;1512287541157
1512287548034;1512287552304
1512287557108;1512287561276
1512287566146;1512287569792
1512287574017;1512287578786
1512287583044;1512287586665
1512287594050;1512287603382
1512287610524;1512287614560
1512287618895;1512287622462
1512287626240;1512287629882
1512287634135;1512287638712
1512287643030;1512287647096
1512287651098;1512287655126
1512287659458;1512287663023
1512287667278;1512287670849
1512287675007;1512287679147
1512287683903;1512287688034
1512287692357;1512287696659
1512287700879;1512287704527
1512287711185;1512287716503
1512287721452;1512287725494
1512287731575;1512287737321
1512287742065;1512287747237
1512287751951;1512287757581
1512287762722;1512287767944
1512287772608;1512287777290
1512287987970;1512287994017
1512288014880;1512288021083
1512288026589;1512288031773
1512288037140;1512288041348
1512288047514;1512288053737
1512288059042;1512288064797
1512288069988;1512288080450
1512288085806;1512288090064
1512288094038;1512288098956
1512288104199;1512288122731
1512288126927;1512288145686
1512288150054;1512288154776
1512288159182;1512288163801
1512288168081;1512288173254
1512288177808;1512288182303
1512288187103;1512288191817
1512288196642;1512288201871
1512288206298;1512288210849
1512288215101;1512288219948
1512288224856;1512288228686
1512288233359;1512288237673
1512288241874;1512288246801
1512288251198;1512288256053
1512288261350;1512288265658
1512288270923;1512288275773
1512288280117;1512288284988
1512288289711;1512288293957
1512288299276;1512288303614
1512288307846;1512288311596
1512288316317;1512288321098
1512288325364;1512288329585
1512288334384;1512288338789
1512288343549;1512288349351
1512288354187;1512288359525
1512288365023;1512288368783
1512288373137;1512288377468
1512288382304;1512288386397
1512288390750;1512288395534
1512288400727;1512288404454
1512288409665;1512288414041
1512288418317;1512288422069
1512288426331;1512288431582
1512288436772;1512288441453
1512288446302;1512288451158
1512288455496;1512288459322
1512288463592;1512288467917
1512288471675;1512288476509
1512288481361;1512288485654
1512288490631;1512288494346
1512288499143;1512288503449
1512288508055;1512288512159
1512288516404;1512288520694
1512288525521;1512288530415
1512288535194;1512288538908
1512288543312;1512288547680
1512288552171;1512288556490
1512288561768;1512288566712
1512288570427;1512288574716
1512288579002;1512288583716
1512288588743;1512288592992
1512288597252;1512288600968
1512288605733;1512288611183
1512288616065;1512288620868
1512288626163;1512288630404
1512288634681;1512288639552
1512288644276;1512288648462
1512288653173;1512288657522
1512288661208;1512288665560
1512288669769;1512288674451
1512288678987;1512288683319
1512288687999;1512288693381
1512288697609;1512288702041
1512288706285;1512288709979
1512288714855;1512288719617
1512288723890;1512288728111
1512288732971;1512288737354
1512288741669;1512288745903
1512288750255;1512288755086
1512288759954;1512288764250
1512288769439;1512288774553
1512288778900;1512288783195
1512288787771;1512288792128
1512288796361;1512288800167
1512288804859;1512288809609
1512288814780;1512288819633
1512288823870;1512288828642
1512288833902;1512288838262
1512288842504;1512288846737
1512288851313;1512288856097
1512288861447;1512288865682
1512288870486;1512288874813
1512288879972;1512288884302
1512288888597;1512288892856
1512288898993;1512288901256
1512288906509;1512288910408
1512288915110;1512288920097
1512288938005;1512288942659
1512288946940;1512288951106
1512288954736;1512288959407
1512288963765;1512288968423
1512288973739;1512288977873
1512288982038;1512288986321
1512288989948;1512288994120
1512288998272;1512289002766
1512289006714;1512289011295
1512289016703;1512289021268
1512289025853;1512289030538
1512289035256;1512289040298
1512289044415;1512289048622
1512289052959;1512289057102
1512289061715;1512289065871
1512289070506;1512289074879
1512289079578;1512289083684
1512289087738;1512289091289
1512289095241;1512289099913
1512289104568;1512289108799
1512289113504;1512289117704
1512289122128;1512289126118
1512289129700;1512289133161
1512289136681;1512289140200
1512289157359;1512289160984
1512289164813;1512289168504
1512289172146;1512289176163
1512289179719;1512289183286
1512289187394;1512289192317
1512289195915;1512289199418
1512289206169;1512289210012
1512289216760;1512289221582
1512289225246;1512289228728
1512289232520;1512289236141
1512289239804;1512289257905
1512289261962;1512289265554
1512289270120;1512289273518
1512289277674;1512289281765
1512289287484;1512289292274
1512289297155;1512289301746
1512289306323;1512289310883
1512289314778;1512289318407
1512289321974;1512289326113
1512289329606;1512289333295
1512289336928;1512289340615
1512289344526;1512289349230
1512289353344;1512289357470
1512289361380;1512289365473
1512289369922;1512289373558
1512289377492;1512289382621
1512289386598;1512289390752
1512289394604;1512289398253
1512289402626;1512289406344
1512289410199;1512289414321
1512289419146;1512289423223
1512289426767;1512289430425
1512289434357;1512289437927
1512289441774;1512289445408
1512289449307;1512289453926
1512289457809;1512289462379
1512289466267;1512289476267
1512289482836;1512289487428
1512289491674;1512289496026
1512289500849;1512289505493
1512289509720;1512289513938
1512289518639;1512289523419
1512289528262;1512289532573
1512289536774;1512289541912
1512289546160;1512289551343
1512289555548;1512289560422
1512289565119;1512289569287
1512289574058;1512289578739
1512289583402;1512289587606
1512289592310;1512289596976
1512289601201;1512289621309
1512289625709;1512289630639
1512289634897;1512289639876
1512289644234;1512289649284
1512289654541;1512289658893
1512289663166;1512289668047
1512289672377;1512289676728
1512289681085;1512289685711
1512289690052;1512289694812
1512289700158;1512289704742
1512289708820;1512289713829
1512289718539;1512289722810
1512289727603;1512289732363
1512289737201;1512289741421
1512289746628;1512289751462
1512289756209;1512289761491
1512289765215;1512289769625
1512289773875;1512289777683
1512289782479;1512289786827
1512289791099;1512289796196
1512289800438;1512289805164
1512289809887;1512289814755
1512289818949;1512289823865
1512289828620;1512289832923
1512289837690;1512289841823
1512289846058;1512289850776
1512289855293;1512289860465
1512289864901;1512289869292
1512289873878;1512289878520
1512289882822;1512289887378
1512289891595;1512289899997
1512289914010;1512289921278
1512289927245;1512289931814
1512289935926;1512289942612
1512289946968;1512289951537
1512289956274;1512289960618
1512289965224;1512289970026
1512289974738;1512289979508
1512289983514;1512289987846
1512289991890;1512289998582
1512290004822;1512290009644
1512290015001;1512290019607
1512290023563;1512290028034
1512290032744;1512290038403
1512290043892;1512290047715
1512290051499;1512290058591
1512290064089;1512290069323
1512290073276;1512290079485
1512290085238;1512290090888
1512290095660;1512290100360
1512290104399;1512290109016
1512290113547;1512290118854
1512290123519;1512290127608
1512290132537;1512290136492
1512290140438;1512290145368
1512290149628;1512290154090
1512290158373;1512290163264
1512290168070;1512290171999
1512290176605;1512290181208
1512290185852;1512290190277
1512290194402;1512290198493
1512290203271;1512290207599
1512290211730;1512290216275
1512290220464;1512290224522
1512290228500;1512290232458
1512290237187;1512290241464
1512290246194;1512290250402
1512290255657;1512290260599
1512290266570;1512290271450
1512290277689;1512290284214
1512290289473;1512290295256
1512290300250;1512290305094
1512290309183;1512290313759
1512290318822;1512290323512
1512292899420;1512294969751
1512294995082;1512295001134
1512295005431;1512295009639
1512295014351;1512295017922
1512295021688;1512295025892
1512295030538;1512295036008
1512295040263;1512295045006
1512295049122;1512295053839
1512295057849;1512295063684
1512295067975;1512295072488
1512295076519;1512295080576
1512295086310;1512295097548
1512295109034;1512295113905
1512295144343;1512295148959
1512295152960;1512295158332
1512295162609;1512295166972
1512295171459;1512295176038
1512295180063;1512295188044
1512295195034;1512295199794
1512295203924;1512295209167
1512295213060;1512295217512
1512295222575;1512295227122
1512295231385;1512295240753
1512295246149;1512295251641
1512295257206;1512295264375
1512295268747;1512295290104
1512295311002;1512295316340
1512295320670;1512295325019
1512295330151;1512295335354
1512295339406;1512295343392
1512295348397;1512296269473
1512296278862;1512296357732
