4947384487351;4947384501174
4947384555709;4947384604817
4947384659612;4947384686071
4947384740409;4947384767493
4947384821927;4947384848066
4947384902515;4947384930530
4947384984760;4947385028603
4947385083118;4947385093914
4947385165228;4947385173863
4947385228372;4947385254427
4947385308736;4947385335851
4947385385258;4947385431645
0;4947385455936
4947385508645;4947385536265
4947385590785;4947385617599
4947385672035;4947385698177
4947385752520;4947385779499
4947385833988;4947385859959
4947385914336;4947385941611
4947385992380;4947386038831
4947386093275;4947386119719
4947386174071;4947386201999
4947386256506;4947386282848
4947386337206;4947386364242
4947386417476;4947386500469
4947386574103;4947386582814
4947386637088;4947386648253
4947386700709;4947386727209
4947386781552;4947386808731
4947386861754;4947386907098
4947386979719;4947386988289
4947387042635;4947387069716
4947387124125;4947387150052
4947387204395;4947387231390
4947387281539;4947387324506
4947387378956;4947387405082
4947387429405;4947387478909
4947387533370;4947387559633
4947387613924;4947387640802
4947387695150;4947387721214
4947387775459;4947387786635
4947387834098;4947387877817
4947387932302;4947387958321
4947388012654;4947388040223
4947388094832;4947388121414
4947388175765;4947388202665
4947388254784;4947388300233
4947388354660;4947388381101
4947388435436;4947388467917
4947388522556;4947388548914
4947388603290;4947388614348
4947388663478;4947388706487
4947388761056;4947388787504
0;4947389026576
4947389080219;4947389111635
4947389166174;4947389192701
4947389247174;4947389274348
4947389328817;4947389355420
0;4947389435375
0;4947389463654
4947389516020;4947389528322
4947389579817;4947389629826
4947389702654;4947389766612
4947389793025;4947389854625
4947389909040;4947389935534
4947389989932;4947390011684
4947390135788;4947390159486
4947390240851;4947390242589
4947441803966;4947441877451
4947441935301;4947441937122
4947441988829;4947441994081
4947442045725;4947442050942
4947442102558;4947442104722
4947442156033;4947442161324
4947442212940;4947442218082
4947442269733;4947442274878
4947442325983;4947442334639
4947442386276;4947442391390
4947442435423;4947442443750
4947442495414;4947442500740
4947442550187;4947442558727
4947442610381;4947442615532
4947442667139;4947442669282
4947442724027;4947442725685
4947442777324;4947442782466
4947442833619;4947442843885
4947442899039;4947442900714
4947442952306;4947442961180
4947443012922;4947443018260
4947443069943;4947443075140
4947443126733;4947443131846
4947443183512;4947443188615
4947538088164;4947538176749
4947538229767;4947538232578
4947538283898;4947538289473
4947538337100;4947538346909
4947538398560;4947538404280
4947538432796;4947538442258
4947538493930;4947538497902
4947538549281;4947538555096
4947587874338;4947587943277
4947587983061;4947588003477
4947588055196;4947588060463
4947631945756;4947632066705
4947632118462;4947632128141
4947632179804;4947632182109
4947632233362;4947632238715
4947632288820;4947632298300
4947632353758;4947632355424
4947632401627;4947632412696
4947632425996;4947632439142
4947632490836;4947632495998
4947632547603;4947632552753
4947632604732;4947632610015
4947632661713;4947632667350
4947632719049;4947632724768
4947684090311;4947684159316
4947684211654;4947684233255
4947684283140;4947684292007
4947684343627;4947684348840
4947684400503;4947684405671
4947684434282;4947684435971
4947684487629;4947684492771
4947684542321;4947684550751
4947684602357;4947684607503
4947684659112;4947684664337
4947684719424;4947684721031
4947684772673;4947684777729
4947684829307;4947684831421
4947684882696;4947684887771
4947702754042;4947702802017
4947702854338;4947702860455
4947702909880;4947702930851
4947702982573;4947702988331
4947703038248;4947703046545
4947703098162;4947703103231
4947703153115;4947703161494
4947703213112;4947703218154
4947703268221;4947703276350
4947703328012;4947703333093
4947703382994;4947703391390
4947703428321;4947703452467
4947784015676;4947784092593
4947784145312;4947784151155
4947784206459;4947784208145
4947784259848;4947784265135
4947784316789;4947784321957
4947784371996;4947784380678
4947784423490;4947784434880
4947784486524;4947784491748
4947784543356;4947784548494
4947784600168;4947784605253
4947784656895;4947784661992
4947784713285;4947784721781
4947784773388;4947784775542
4947784826864;4947784832630
4947784884238;4947784889399
4947784941042;4947784946152
4947784997526;4947785006331
4947785057964;4947785063135
4947785114770;4947785119967
4947785171557;4947785176982
4947785228632;4947785233910
4947785285180;4947785293574
4947785345261;4947785347699
4947785398967;4947785405063
4947785424566;4947785434801
4947785486476;4947785491695
4947805063947;4947805362148
4947805414867;4947805421702
4947805431796;4947805433467
4947805485080;4947805490393
4947805539382;4947805548201
4947805603365;4947805605054
4947805660234;4947805661884
4947805713525;4947805718749
4947883921408;4947883988329
4947884044916;4947884046682
4947884096826;4947884105644
4947884157301;4947884162542
4947884214147;4947884219327
4947884270952;4947884276236
4947884327872;4947884333032
4947884384449;4947884393502
4947884421113;4947884431366
4947884483066;4947884488207
4947884539816;4947884544914
4947884596555;4947884601817
4947884653443;4947884658682
4947884710244;4947884718643
4947884770285;4947884775453
4947884827064;4947884832135
4947884883771;4947884888880
4947884940511;4947884942657
4948153462209;4948153530846
4948153583598;4948153589447
4948153641124;4948153646846
4948153698499;4948153704285
4948153752224;4948153773649
4948153842096;4948153856164
4948153907841;4948153913636
4948153956036;4948153971721
4948154069833;4948154087316
4948154138972;4948154141367
4948154192296;4948154201064
4948154252693;4948154257867
4948154309496;4948154314658
4948154366300;4948154371455
4948154412803;4948154422569
4948154474209;4948154479381
4948195432387;4948195445491
4948195498540;4948195504443
4948195556066;4948195561433
4948195609878;4948195618616
4948195670241;4948195675542
4948195730715;4948195732399
4948195780105;4948195789542
4948195841208;4948195846845
4948195898505;4948195907089
4948195958729;4948195964390
4948196016054;4948196022265
4948235712475;4948235784482
4948235837018;4948235842899
4948235894567;4948235899898
4948235951522;4948235956738
4948236011909;4948236013570
4948236065181;4948236070287
4948236121909;4948236127145
4948236178773;4948236183981
4948236234484;4948236242918
4948236298112;4948236299791
4948236351422;4948236356575
4948236408178;4948236410308
4948236418497;4948236420176
4948236471802;4948236476965
4948236525869;4948236534505
4948236589669;4948236591307
4948236642960;4948236648091
4948236699749;4948236704856
4948236756470;4948236758997
4948236809841;4948236818122
4948236869789;4948236874976
4948236926630;4948236931743
4948236983364;4948236988522
4948237040154;4948237045294
4948237096904;4948237102595
4948237154286;4948237159541
4948237214801;4948237216568
4948237267173;4948237275776
4948346533425;4948346650398
4948371344926;4948371358954
4948405855191;4948408422384
4948408479453;4948408481178
4948408532872;4948408538223
4948408588988;4948408598180
4948408649830;4948408655205
4948408705710;4948408713718
4948408765301;4948408767460
4948408817365;4948408826109
4948408877726;4948408882963
4948408938393;4948408940096
4948408991717;4948408993882
4948409045158;4948409050356
4948409101983;4948409107157
4948562782611;4948562820776
4948562872521;4948562963612
0;4948563020212
4948564119423;4948564452719
4948564509314;4948564511007
4948564562638;4948564567793
4948564619424;4948564624579
4948583862069;4948583912667
4948583969759;4948583971487
4948742338145;4948742382728
4948742397277;4948742411151
4948742462863;4948742468425
4948742520067;4948742525303
4948742580513;4948742582202
4948742633826;4948742639026
4948742690376;4948742698842
4948742754075;4948742755738
4948742810858;4948742812511
4948742867665;4948742869305
4948742920959;4948742926086
4948742976194;4948742984692
4948805066214;4948805144148
4948805196940;4948805203101
4948805254797;4948805260397
4949142440939;4949142450995
4949142503559;4949142509314
4949142560982;4949142566168
4949142617792;4949142619955
4949142671271;4949142676483
4949142727878;4949142736649
4949142788327;4949142793931
4949142845577;4949142854270
4949142905957;4949142911113
4949142962768;4949142967907
4949303378702;4949303454048
4949303510705;4949303512435
4949303564085;4949303566299
4949303617549;4949303622764
4949303674409;4949303679603
4949303731225;4949303739996
4949303791627;4949303796664
4949303848290;4949303853407
4949303908493;4949303910150
4949303961793;4949303966900
4949304016611;4949304025224
4949304076873;4949304082009
4949327984705;4949327995061
4949328047550;4949328053077
4949328104737;4949328110154
4949328161831;4949328163974
4949328215278;4949328220471
4949328272110;4949328277219
4949328328837;4949328334000
4949328384211;4949328390106
4949328445823;4949328451049
4949328502686;4949328507876
4949328559523;4949328564919
4949328616565;4949328621787
4949328672667;4949328681403
4949328733038;4949328738561
4949328790190;4949328795388
4949328847008;4949328852375
4949328903998;4949328906360
4949328955063;4949328963719
4949329015622;4949329020776
4949385612235;4949385775917
4949385828288;4949385832244
4949385883497;4949385885734
4949385936386;4949385946270
4949385998064;4949386003321
4949386054977;4949386060594
4949386112239;4949386117330
4949386168995;4949386174458
4949386225016;4949386233408
4949386285072;4949386290218
4949386341237;4949386347150
4949386379840;4949386389975
4949386441661;4949386446819
4949386501995;4949386503657
4949408901986;4949409411200
4949409463756;4949409469737
4949409521401;4949409526598
4949409574926;4949409583610
4949409635259;4949409640380
4949409692016;4949409697368
4949409749009;4949409754638
4949409806320;4949409811552
4949409862310;4949409871154
4949409922793;4949409924922
4949409976247;4949409981678
4949410033295;4949410038521
4949410090151;4949410095339
4949410146598;4949410155256
4949469633299;4949469658082
4949469709037;4949469718394
4949469770076;4949469775320
4949469826928;4949469832201
4949469883813;4949469889012
4949469940715;4949469946309
4949469996949;4949470005258
4949470056875;4949470059069
4949470110354;4949470115502
4949470167136;4949470172285
4949470223925;4949470229033
4949470279972;4949470288451
4949470340059;4949470345158
4949470385307;4949470386988
4949470438579;4949470440742
4949470492006;4949470497102
4949470548345;4949470557005
4949654916114;4949654948630
4949654992249;4949655022355
4949655064148;4949655080602
4949655137249;4949655138918
4949655205264;4949655207152
4949655262930;4949655264647
4949655316318;4949655321876
4949655370836;4949655394224
4949655445923;4949655451497
4949655499330;4949655515716
4949655567329;4949655569753
4949655621082;4949655623459
4949655671628;4949655680313
4949734505565;4949734577300
4949734629847;4949734635727
4949734687347;4949734692490
4949734744154;4949734749363
4949734801001;4949734806091
4949734857100;4949734865423
4949734917062;4949734922179
4949734973824;4949734978967
4949735034052;4949735035741
4949735087372;4949735089532
4949735139503;4949735148274
4949735199925;4949735205118
4949735256743;4949735262256
4949735313900;4949735319064
4949735375998;4949735377792
4949735428613;4949735436950
4949735488613;4949735493765
4949735545321;4949735553973
4949735605578;4949735607686
4950319909290;4950319919870
4950319972315;4950319978317
4950320029987;4950320035619
4950320087241;4950320089426
4950320137099;4950320146235
4950320197869;4950320203037
4950320258284;4950320259961
4950320311603;4950320317152
4950320357363;4950320364053
4950320415692;4950320420921
4950320472529;4950320474741
4950320525911;4950320534413
4950320586058;4950320591511
4950320643144;4950320648329
4950320703436;4950320705131
4950320756765;4950320761941
4950320812426;4950320821090
4950320872708;4950320877901
4950320929541;4950320934732
4950320982599;4950320991692
4950321043336;4950321048676
4950321100353;4950321105885
4950321154288;4950321163288
4950321215160;4950321220417
4950321271387;4950321279562
4950342351374;4950342425324
4950342477914;4950342483710
4950342535349;4950342540587
4950342592214;4950342597402
4950342648891;4950342657865
4950342713029;4950342714690
4950342766312;4950342771454
4950342823097;4950342828238
4950342879872;4950342885179
4950342936001;4950342944509
4950342996134;4950343001231
4950343052833;4950343057929
4950343113069;4950343114803
4950343166422;4950343171950
4950405520971;4950405525286
4950405579053;4950405585180
4950405636849;4950405642116
4950405692910;4950405702161
4950405757363;4950405759026
4950405814327;4950405815975
4950405871790;4950405873565
4950405914668;4950405939840
4950405991520;4950405997272
4950482610140;4950482759615
4950482812282;4950482818873
4950482870542;4950482876264
4950482927901;4950482933102
4950482984741;4950482986900
4950483038222;4950483043404
4950483098571;4950483100251
4950483151871;4950483157036
4950483208055;4950483216729
4950483271893;4950483273570
4950483325214;4950483330338
4950483358497;4950483360220
4950483411845;4950483417066
4950585260848;4950585271134
4950585323503;4950585329604
4950585350183;4950585356802
4950585405340;4950585413821
4950585465444;4950585467649
4950585517624;4950585526108
4950585581263;4950585582926
4950585633927;4950585642590
4950585694207;4950585699327
4950585754391;4950585756077
4950585807700;4950585812761
4950585864364;4950585866496
4950585916368;4950585924834
4950585976462;4950585981632
4950586033245;4950586038359
4950586093449;4950586095117
4950586146774;4950586151885
4950586202450;4950586210645
4950586262311;4950586267456
4950586319071;4950586321163
4950586350141;4950586358960
4950586410612;4950586412769
4950586439794;4950586470936
4950586533924;4950586535713
4950586587405;4950586592838
4950586648173;4950586649826
4950586698499;4950586715722
4950629527820;4950629706698
0;4950629763501
4950629815003;4950629913976
4950629965819;4950629968444
4950630018401;4950630027042
4950630078670;4950630103783
4950630111274;4950630164200
4950630212380;4950630490993
4950630542996;4950630548652
4950630600316;4950630605555
4950630654323;4950630663337
4950986675015;4950986741567
4950986794166;4950986800098
4950986855713;4950986857438
4950986909079;4950986914305
4950986962694;4950986971964
4950987021200;4950987030120
4950987077454;4950987093489
4950987145154;4950987150560
4950987194582;4950987213181
4950987264840;4950987270112
4950987321740;4950987327395
4950987339265;4950987345500
4950987396924;4950987405312
4950987456964;4950987462173
4950987513806;4950987518954
4950987574430;4950987579585
4950987631158;4951007930954
4951007984356;4951007987372
4951008038658;4951008044297
4951008095688;4951008104389
4951008156045;4951008161310
4951008213005;4951008218192
4951008273785;4951008275496
4951008327150;4951008332503
4951008338652;4951008345251
4951008400502;4951008402166
4951008453816;4951008459000
4951008509613;4951008518168
4951008569818;4951008575016
4951008626692;4951008632032
4951008683665;4951008688911
4951008740533;4951008745715
4951008795705;4951008804357
4951008859724;4951008861401
4951008913049;4951008918363
4951008970001;4951008975575
4951009027235;4951009032410
4951009083496;4951009092052
4951009147204;4951009148910
4951009200451;4951009209125
4951009260775;4951009265964
4951009321458;4951009323160
4951009343219;4951009344901
4951009396558;4951009401817
4951009453449;4951009458578
4951009509863;4951009518429
4951009573654;4951009575323
4951009626966;4951009632123
4951009687354;4951009692494
4951146928748;4951147373949
4951147430705;4951147432476
4951147484128;4951147489350
4951147540946;4951147546293
4951147597916;4951147603297
4951147654474;4951147662877
4951147714481;4951147716648
4951147767571;4951147776654
4951147828282;4951147833415
4951147885034;4951147890225
4951147941898;4951147947037
4951147998690;4951148003823
4951148054045;4951148062386
4951148114016;4951148119166
4951148170814;4951148175916
4951148227543;4951148232627
4951148284241;4951148289412
4951148340359;4951148342098
4951148393128;4951148401483
4951148456683;4951148458347
4951148509945;4951148515097
4951186452304;4951186515731
4951186568443;4951186574406
4951186626097;4951186631587
4951186683251;4951186688694
4951186736381;4951186753174
4951186804858;4951186810352
4951186848542;4951186867465
4951186923003;4951186924679
4951186973454;4951186982150
4951187033797;4951187038944
4951187090575;4951187095727
4951187150880;4951187152575
4951187204198;4951187209306
4951187259843;4951187268241
4951187319859;4951187322004
4951187333817;4951187337618
4951187388881;4951187394078
4951187445323;4951187453840
4951187505474;4951187510573
4951187562221;4951187567717
4951187619348;4951187624487
4951187676104;4951187678176
4951187728494;4951187736827
4951187788475;4951187793588
4951187845193;4951187850202
4951187901812;4951187904704
4951187955969;4951187961319
4951188011546;4951188020211
4951308918502;4951309003380
4951309055831;4951309061563
4951309113232;4951309118414
4951309170049;4951309175149
4951309230701;4951309232419
4951309287544;4951309289224
4951309330077;4951309339771
4951309391398;4951309393590
4951309448382;4951309450017
4951309501678;4951309506769
4951309558409;4951309563540
4951309613443;4951309621913
4951386216815;4951386272055
4951386335389;4951386341294
4951386392992;4951386398609
4951386448909;4951386457542
4951386509172;4951386514649
4951386560468;4951386576990
4951386632408;4951386634128
4951386681005;4951386697152
4951386746186;4951386754983
4951386806643;4951386812324
4951386863954;4951386869045
4951386924135;4951386925766
4951386977384;4951386982506
4951387032520;4951387041031
4951387092652;4951387097764
4951387149377;4951387154479
4951387206107;4951387208256
4951387259517;4951387264647
4951387315112;4951387323406
4951387332622;4951387334367
4951387385936;4951387388039
4951387436341;4951387444991
4951387500081;4951387501740
4951387553378;4951387561937
4951387613601;4951387618701
4951387670181;4951387678858
4951620606006;4951620674699
4951620725821;4951620734837
4951620786511;4951620791826
4951620843453;4951620848605
4951620903798;4951620905497
4951620957118;4951620962284
4951621012602;4951621022014
4951621077097;4951621078775
4951621129702;4951621138058
4951621189719;4951621195233
4951621246905;4951621252110
4951621303751;4951621309112
4951621322064;4951621328541
4951621380211;4951621385794
4951621437476;4951621439727
4951621491066;4951621496545
4951621548225;4951621550695
4951621602012;4951621607698
4951621659337;4951621665191
4951621714755;4951621723820
4951621779569;4951621781366
4951979052837;4951979183552
4951979235520;4951979242261
4951979293919;4951979299204
4951979312456;4951979319766
4951979371270;4951979380060
4951979436013;4951979437676
4951979489304;4951979491520
4951979542850;4951979548187
4952122276185;4952122316828
4952122373584;4952122375294
4952186781446;4952186784131
4952186836547;4952186842261
4952186878373;4952186899901
4952186955786;4952186967967
4952187011151;4952187026760
4952187078424;4952187084116
4952187135808;4952187141224
4952187189702;4952187198877
4952187250531;4952187255759
4952187306754;4952187313270
4952187364886;4952187367062
4952187418384;4952187423613
4952187475248;4952187480360
4952187531985;4952187537129
4952187588773;4952187593913
4952187644577;4952187653198
4952187704828;4952187709929
4952187761564;4952187766669
4952187818277;4952187824221
4952187879417;4952187881107
4952187931901;4952187940365
4952287519768;4952287593775
4952287647043;4952287652957
4952287701537;4952287710502
4952287765918;4952287767610
4952287819247;4952287824484
4952287876077;4952287884980
4952287936717;4952287942305
4952287993937;4952287999215
4952288050919;4952288056419
4952288108139;4952288114278
4952386579184;4952386601898
4952386652066;4952386669818
4952386721533;4952386726909
4952386778528;4952386784087
4952386835759;4952386840924
4952386891443;4952386900200
4952386951862;4952386957010
4952387008666;4952387013845
4952387065470;4952387067600
4952487521365;4952487532708
4952487584959;4952487591069
4952487642726;4952487648420
4952487700062;4952487705253
4952487756907;4952487762119
4952487813627;4952487823094
4952487874756;4952487880405
4952487932011;4952487934172
4952487985483;4952487990697
4952488042346;4952488047568
4952488099014;4952488107795
4952488159457;4952488164895
4952488216547;4952488221821
4952488271461;4952488280068
4952586095444;4952586161739
4952586214262;4952586220030
4952586271759;4952586277492
4952586295912;4952586302634
4952586353144;4952586361901
4952586418103;4952586419867
4952586475529;4952586492303
4952586541955;4952586550458
4952586602117;4952586607260
4952586658916;4952586664025
4952586715647;4952586720776
4952586772392;4952586777515
4952586828073;4952586836529
4952586888161;4952586893273
4952586944894;4952586950037
4952587001642;4952587006952
4952587058569;4952587063703
4952587113997;4952587122284
4952587173912;4952587179016
4952587230641;4952587235809
4952587290974;4952587292643
4952587300061;4952587301723
4952587353319;4952587358434
4952587407112;4952587415783
4952786819663;4952786881180
4952786933939;4952786939779
4952786987325;4952787006778
4952787058458;4952787064076
4952787113313;4952787121737
4952787173379;4952787178554
4952787230212;4952787235372
4952787287049;4952787294349
4952787346018;4952787351191
4952787401392;4952787409959
4952787461604;4952787466753
4952787521977;4952787523630
4952787575292;4952787580440
4952787632092;4952787637195
4952787687423;4952787695678
4952787747325;4952787752479
4952787804132;4952787809693
4952787865187;4952787870447
4952787922082;4952787927209
4952787978838;4952787984074
4952788035684;4952788041228
4952788091947;4952788100212
4952788151845;4952788157056
4952828211384;4952828242183
4952828279093;4952828303049
4952828354799;4952828360516
4952828406700;4952828422904
4952828472051;4952828481201
4952888309363;4952888393082
4952888445996;4952888452244
4952888503887;4952888512500
4952888564148;4952888569522
4952888624933;4952888626588
4952888674868;4952888684077
4952888735702;4952888741078
4952888792770;4952888798557
4952888850194;4952888855349
4952888907007;4952888912268
4952888963204;4952888971591
4952986759353;4952986761781
4952986814131;4952986820037
4952986871117;4952986879674
4952986949837;4952986964844
4952987015307;4952987024238
4953341750086;4953341813655
4953341866587;4953341869397
4953341924490;4953341926187
4953341974526;4953341983641
4953342035312;4953342040790
4953342092443;4953342097930
4953342149574;4953342155502
4953342200447;4953342220089
4953342271774;4953342279662
4953342328106;4953342349066
4953342400780;4953342406215
4953342454640;4953342464152
4953342530782;4953342532567
4953342581616;4953342590723
4953342642409;4953342647581
4953342699242;4953342704327
4953342755969;4953342761127
4953342812754;4953342814833
4953342864614;4953342872878
4953342924529;4953342929621
4953342981290;4953342986375
4953380595892;4953380655553
4953380708114;4953380714295
4953380723598;4953380777862
4953380829716;4953380856678
4953380865379;4953380919498
4953380971404;4953380984984
4953543782851;4953543793116
4953543849992;4953543851674
4953543903377;4953543908833
4953543958928;4953543968117
4953544023579;4953544025262
4953544076882;4953544082094
4953544133733;4953544139441
4953544191079;4953544196253
4953544247763;4953544256177
4953544269181;4953544279809
4953544331469;4953544336594
4953544388177;4953544393374
4953544444967;4953544450098
4953544501733;4953544506842
4953544557972;4953544566250
4953544617895;4953544622985
4953544674670;4953544679746
4953544731385;4953544736503
4953544788145;4953544793256
4953544844266;4953544852694
4953544904299;4953544909398
4953544961033;4953544966173
4954041360530;4954041430672
4954041483694;4954041489437
4954041541090;4954041546239
4954041597891;4954041603071
4954041654745;4954041659885
4954041715482;4954041720681
4954041772312;4954041777485
4954041829106;4954041834188
4954041885798;4954041891252
4954041941734;4954041950161
4954042001764;4954042006910
4954042058538;4954042063656
4954042115283;4954042120386
4954258145441;4954258213297
4954258250659;4954258255155
4954258305156;4954258314704
4954258370043;4954258371741
4954258423386;4954258428951
4954258480613;4954258486145
4954258537757;4954258543253
4954258591549;4954258600408
4954258644873;4954258661615
4954258713285;4954258718696
4954258766991;4954258776384
4954258828018;4954258846005
4954258897701;4954258903237
4954258954889;4954258960524
4954259012155;4954259021342
4954259072987;4954259078227
4954259129917;4954259135064
4954259186663;4954259188836
4954259240090;4954259245273
4954259254918;4954259256629
4954259311757;4954259313394
4954259365018;4954259370149
4954297794079;4954297865013
4954297917399;4954297923165
4954297974782;4954297977008
4954298028291;4954298033511
4954298088675;4954298090367
4954298141581;4954298150197
4954298201831;4954298206947
4954298254153;4954298255869
4954298307524;4954298312592
4954298361831;4954298370425
4954315835106;4954315902317
4954315954594;4954315960315
4954316012023;4954316017236
4954316072410;4954316074068
4954316125164;4954316133855
4954316185514;4954316190661
4954316242299;4954316247412
0;4954316252923
4954316304211;4954316309309
4954316360937;4954316366046
4954316416266;4954316424796
4954316476436;4954316481553
4954316533184;4954316538271
4954316589869;4954316592693
4954316643923;4954316649088
4954316700453;4954316708872
4954316760530;4954316765673
4954316817319;4954316822401
4954316874074;4954316879186
4954316930805;4954316936360
4954316986303;4954316994867
4954317046514;4954317051651
4954317103128;4954317111658
4954317166787;4954317168469
4954317220016;4954335157620
4954335211221;4954335217756
4954335248535;4954335254823
4954335306185;4954335311560
4954335361140;4954335369477
4954335421086;4954335426271
4954335477605;4954335486719
4954335538397;4954335543579
4954335595110;4954335603177
4954335654799;4954335659997
4954335710390;4954335718930
4954335770572;4954335775766
4954335827404;4954335832558
4954335884200;4954335889361
4954335940994;4954335946116
4954335996604;4954336004947
4954336047570;4954336058517
4954336110226;4954336115420
4954336167059;4954336172209
4954336227338;4954336229047
4954336248522;4954336254328
4954336305975;4954336311130
4954336362740;4954336364886
4954336416178;4954336421360
4954336472982;4954336478179
4954358216461;4954358262003
4954358318524;4954358320262
4954358371943;4954358377547
4954358429224;4954358434697
4954358486344;4954358491794
4954358541995;4954358550947
4954358602617;4954358608108
4954358655397;4954358677620
4954358729246;4954358734613
4954358784120;4954358792816
4954358844469;4954358849952
4954358898565;4954358907075
4954358958665;4954358964261
4954359015874;4954359020992
4954359072591;4954359077724
4954359129357;4954359134517
4954359185071;4954359193391
4954359249924;4954359251677
4954359303318;4954359308535
4954417451133;4954417520902
4954417570253;4954417579420
4954417631110;4954417636292
4954560448054;4954560487561
4954560539236;4954560561694
4954560613365;4954560615773
4954560664634;4954560673631
4954560725316;4954560730696
4954560778494;4954560787756
4954560836775;4954560852820
4954560902207;4954560911480
4954560963125;4954560968658
4954561020320;4954561036295
4954561087992;4954561093384
4954561144379;4954561153078
4954561204711;4954561209930
4954561247530;4954561249243
4954561300459;4954561308766
4954561360400;4954561365610
4954561417267;4954561422412
4954561471572;4954561479599
4954561531289;4954561536529
4954561588200;4954561593433
4954561648583;4954561650262
4954561701906;4954561707034
4954561757589;4954561766055
4954561817686;4954561822825
4954580103525;4954580163617
4954580216096;4954580222195
4954641025878;4954641036270
4954641088812;4954641094947
4954641146577;4954641148811
4954641200080;4954641205289
4954641240237;4954641243791
4954641295097;4954641300350
4954641348407;4954641357271
4954641408907;4954641414092
4954641469226;4954641470890
4954641522504;4954641527733
4954641579407;4954641584543
4954641635966;4954641645152
4954641696812;4954641702003
4954641753625;4954641758749
4954641810380;4954641815527
