4087942591784;4087942593445
4087942596939;4087942597846
4087942600010;4087942600606
4087942606160;4087942610212
4087942613204;4087942615841
4087942621299;4087942625675
4087942628641;4087942631211
4087942634141;4087942634949
4087942637860;4087942640362
4087942643420;4087942645947
4087942649180;4087942651716
4087942653944;4087942654675
4087942716862;4087942718054
4087942762498;4087942762957
4087942765957;4087942766754
4087942769447;4087942772216
4087942775096;4087942777582
4087942780503;4087942782954
4087942785680;4087942788425
4087942789189;4087942791110
4087942791646;4087942794737
4087942797587;4087942798185
4087942815294;4087942818794
4087942819555;4087942821601
4087942824851;4087942828540
4087942830836;4087942831487
4087942834160;4087942837064
4087942839737;4087942840314
4087942859430;4087942861832
4087942864711;4087942867503
4087942869909;4087942870655
4087942873319;4087942873851
4087942891790;4087942894610
4087942897364;4087942897828
4087942912731;4087942913761
4087942916654;4087942917078
4087942935735;4087942938351
4087942940647;4087942941106
4087942943971;4087942944449
4087942959424;4087942961003
4087942963299;4087942963790
4087942979091;4087942982487
4087942983146;4087942985096
4087942985711;4087942988846
4087942989612;4087942991462
4087942994832;4087943000711
4087943003385;4087943003819
4087943022179;4087943024897
4087943027985;4087943030628
4087943033534;4087943035966
4087943038373;4087943041379
4087943042165;4087943043998
4087943047364;4087943052522
4087943055299;4087943055779
4087943072022;4087943074748
4087943075356;4087943077332
4087943080545;4087943086517
4087943089396;4087943091841
4087943094116;4087943094860
4087943095529;4087943097419
4087943098116;4087943100904
4087943102944;4087943103628
4087943106574;4087943107123
4087943121998;4087943125885
4087943128544;4087943129101
4087943144199;4087943147930
4087943148721;4087943150570
4087943151591;4087943157149
4087943159544;4087943160309
4087943163006;4087943163485
4087943181925;4087943184689
4087943187392;4087943190165
4087943193070;4087943195555
4087943197828;4087943198461
4087943201319;4087943201804
4087943216641;4087943220165
4087943222649;4087943225670
4087943226287;4087943228305
4087943231550;4087943235412
4087943237506;4087943238175
4087943240957;4087943241554
4087943243878;4087943244524
4087943247231;4087943247721
4087943263189;4087943266237
4087943268790;4087943271654
4087943274606;4087943277274
4087943277873;4087943279866
4087943280425;4087943283549
4087943286439;4087943286885
4087943301885;4087943303131
4087943305991;4087943306435
4087943323654;4087943325016
4087943327962;4087943330457
4087943332981;4087943335851
4087943338886;4087943341399
4087943343934;4087943346949
4087943349054;4087943349601
4087943352795;4087943356415
4087943358537;4087943359072
4087943362116;4087943362670
4087943379101;4087943382735
4087943385695;4087943388305
4087943388962;4087943390897
4087943391572;4087943394373
4087943396721;4087943399716
4087943402771;4087943405226
4087943408207;4087943410680
4087943413231;4087943416235
4087943419174;4087943421674
4087943424185;4087943427290
4087943430044;4087943432828
4087943434915;4087943435481
4087943438457;4087943438930
4087943454396;4087943458029
4087943461072;4087943463754
4087943466587;4087943467074
4087943482689;4087943486078
4087943491295;4087943494024
4087943494748;4087943496707
4087943497337;4087943500314
4087943502665;4087943505949
4087943508044;4087943508748
4087943511517;4087943512141
4087943530535;4087943533284
4087943533860;4087943535925
4087943539322;4087943545256
4087943548378;4087943550899
4087943553231;4087943556096
4087943558462;4087943561481
4087943563628;4087943564231
4087943567195;4087943567707
4087943583415;4087943584314
4087943589545;4087943589814
4087943590587;4087943592466
4087943593221;4087943595991
4087943598351;4087943601689
4087943604511;4087943605010
4087943620332;4087943623915
4087943626628;4087943627096
4087943642476;4087943645925
4087943646612;4087943648610
4087943652082;4087943656147
4087943658174;4087943658754
4087943661739;4087943662256
4087943687726;4087943691086
4087943693641;4087943696647
4087943697299;4087943699314
4087943699896;4087943702873
4087943705221;4087943708396
4087943709030;4087943710966
4087943711601;4087943714623
4087943717591;4087943720086
4087943722184;4087943722697
4087943725878;4087943731662
4087943733919;4087943734629
4087943737386;4087943738054
4087943741029;4087943743537
4087943745760;4087943746290
4087943749226;4087943749731
4087943765351;4087943766711
4087943768794;4087943769314
4087943770034;4087943772860
4087943773606;4087943775439
4087943776466;4087943780364
4087943782522;4087943783175
4087943785912;4087943786366
4087943805385;4087943808128
4087943810195;4087943810771
4087943813695;4087943814284
4087943829731;4087943833517
4087943834029;4087943836154
4087943839194;4087943839771
4087943854986;4087943856449
4087943859295;4087943859891
4087943862498;4087943865160
4087943867610;4087943870591
4087943871231;4087943873212
4087943876364;4087943876614
4087943877254;4087943879184
4087943880030;4087943883659
4087943885790;4087943886510
4087943887059;4087943889159
4087943892410;4087943898445
4087943901319;4087943903766
4087943909024;4087943911904
4087943912540;4087943914356
4087943915424;4087943920766
4087943925785;4087943928586
4087943930832;4087943931314
4087943934226;4087943934878
4087943937146;4087943937899
4087943940582;4087943941055
4087943957522;4087943960294
4087943963074;4087943963555
4087943978896;4087943982534
4087943984689;4087943985082
4087943988294;4087943994022
4087943996498;4087943999655
4087944002550;4087944002981
4087944021476;4087944021892
4087944024534;4087944025064
4087944040447;4087944044070
4087944047116;4087944049596
4087944052072;4087944054934
4087944057795;4087944060261
4087944062649;4087944063287
4087944066180;4087944066675
4087944085481;4087944085739
4087944086385;4087944088360
4087944091660;4087944097328
4087944100221;4087944102674
4087944105685;4087944108199
4087944110322;4087944111006
4087944113679;4087944114159
4087944132832;4087944135314
4087944138379;4087944140846
4087944143361;4087944146239
4087944148739;4087944151596
4087944154516;4087944157131
4087944160147;4087944160739
4087944176873;4087944177586
4087944180309;4087944180761
4087944195910;4087944197535
4087944200030;4087944200665
4087944203332;4087944203836
4087944222559;4087944225195
4087944228287;4087944230886
4087944233824;4087944236606
4087944237231;4087944239267
4087944242386;4087944242669
4087944243272;4087944245236
4087944248504;4087944254861
4087944257086;4087944257665
4087944263373;4087944267216
4087944269272;4087944269766
4087944272559;4087944273060
4087944288274;4087944291881
4087944294909;4087944297341
4087944299471;4087944300029
4087944300716;4087944302636
4087944305962;4087944308591
4087944311300;4087944314064
4087944317074;4087944319550
4087944322035;4087944325040
4087944327957;4087944328419
4087944343731;4087944347003
4087944351986;4087944354642
4087944357517;4087944359998
4087944362123;4087944362780
4087944365476;4087944365981
4087944386341;4087944389082
4087944391361;4087944391864
4087944394836;4087944395271
4087944410545;4087944411892
4087944414194;4087944414866
4087944417570;4087944418072
4087944437086;4087944437444
4087944440341;4087944440915
4087944456611;4087944459674
4087944460248;4087944462305
4087944465471;4087944471261
4087944473366;4087944473896
4087944476795;4087944477434
4087944479935;4087944482716
4087944485601;4087944486106
4087944501660;4087944505174
4087944507337;4087944507886
4087944510703;4087944511155
4087944526787;4087944530309
4087944530947;4087944532910
4087944533804;4087944536351
4087944538476;4087944539116
4087944541814;4087944542256
4087944557511;4087944561087
4087944563915;4087944564410
4087944580169;4087944581024
4087944583966;4087944586498
4087944589516;4087944591981
4087944594892;4087944597324
4087944600055;4087944602805
4087944605699;4087944606074
4087944621410;4087944622866
4087944625554;4087944626010
4087944644572;4087944645044
4087944645614;4087944647540
4087944650920;4087944653756
4087944656236;4087944659082
4087944673016;4087944675784
4087944678695;4087944681159
4087944684055;4087944686516
4087944689409;4087944691837
4087944694101;4087944694735
4087944697559;4087944698024
4087944714412;4087944717050
4087944719606;4087944720040
4087944736231;4087944739680
4087944741945;4087944742485
4087944745425;4087944746091
4087944748976;4087944751434
4087944753707;4087944754449
4087944757304;4087944757920
4087944760194;4087944760949
4087944763659;4087944764129
4087944780424;4087944784029
4087944786517;4087944789654
4087944792415;4087944792886
4087944808328;4087944811953
4087944815011;4087944817510
4087944820221;4087944823016
4087944826011;4087944826429
4087944841828;4087944845586
4087944846231;4087944848194
4087944851336;4087944851735
4087944854424;4087944854925
4087944873711;4087944876574
4087944877271;4087944879231
4087944882540;4087944885253
4087944886003;4087944887873
4087944888578;4087944891366
4087944892045;4087944893991
4087944897506;4087944900003
4087944902945;4087944903415
4087944922207;4087944924837
4087944927774;4087944930239
4087944933114;4087944933491
4087944952530;4087944955162
4087944958059;4087944960559
4087944963481;4087944965947
4087944968841;4087944971299
4087944974017;4087944976800
4087944979697;4087944984851
4087944987790;4087944990239
4087944993170;4087944995631
4087944998582;4087945001044
4087945004022;4087945006529
4087945009631;4087945012128
4087945014623;4087945017631
4087945018290;4087945020279
4087945023498;4087945027462
4087945029524;4087945030203
4087945032976;4087945033476
4087945048689;4087945050111
4087945052165;4087945052685
4087945061017;4087945063545
4087945066415;4087945068891
4087945071040;4087945071591
4087945072284;4087945074170
4087945074841;4087945077616
4087945082795;4087945083037
4087945083800;4087945085596
4087945086522;4087945091861
4087945092511;4087945094461
4087945095616;4087945098069
4087945100373;4087945103241
4087945105699;4087945108560
4087945111462;4087945114082
4087945116373;4087945117006
4087945119886;4087945125203
4087945127716;4087945130703
4087945133596;4087945134101
4087945152703;4087945155476
4087945156236;4087945158123
4087945161466;4087945167310
4087945170091;4087945170564
4087945185716;4087945186915
4087945189616;4087945190072
4087945205503;4087945209110
4087945212179;4087945214635
4087945217529;4087945219981
4087945222290;4087945225404
4087945226096;4087945228030
4087945229226;4087945231856
4087945234654;4087945235131
4087945253385;4087945256279
4087945257029;4087945258910
4087945262279;4087945265981
4087945268669;4087945271457
4087945274346;4087945274878
4087945293675;4087945294040
4087945296915;4087945297356
4087945312300;4087945313697
4087945316280;4087945316774
4087945332628;4087945335660
4087945338560;4087945338976
4087945355409;4087945358141
4087945358886;4087945360739
4087945364226;4087945370101
4087945372947;4087945375439
4087945377925;4087945378684
4087945381569;4087945386805
4087945387457;4087945389424
4087945392684;4087945398466
4087945404231;4087945406881
4087945409040;4087945409685
4087945412559;4087945413087
4087945432945;4087945435439
4087945438337;4087945440841
4087945443953;4087945446396
4087945449305;4087945451771
4087945454669;4087945457123
4087945459254;4087945459897
4087945462559;4087945463040
4087945481623;4087945484197
4087945487064;4087945489832
4087945490510;4087945492471
4087945495684;4087945499736
4087945501841;4087945502447
4087945505419;4087945510611
4087945511101;4087945513211
4087945516636;4087945519248
4087945522175;4087945524642
4087945527647;4087945530419
4087945533290;4087945533814
4087945552471;4087945555128
4087945557841;4087945560623
4087945561424;4087945563248
4087945566767;4087945572971
4087945573601;4087945575537
4087945576142;4087945578971
4087945581045;4087945581629
4087945582328;4087945585059
4087945587726;4087945590489
4087945591332;4087945593180
4087945596231;4087945600476
4087945602569;4087945603034
4087945605925;4087945606476
4087945621591;4087945622998
4087945625055;4087945625601
4087945628578;4087945629179
4087945634256;4087945634498
4087945635231;4087945637082
4087945640461;4087945645299
4087945648272;4087945648695
4087945686360;4087945688924
4087945689654;4087945691489
4087945692481;4087945698045
4087945698689;4087945700629
4087945701415;4087945704239
4087945704929;4087945706873
4087945710405;4087945712761
4087945715771;4087945716424
4087945718790;4087945721822
4087945724346;4087945727373
4087945728170;4087945729962
4087945730925;4087945736272
4087945739314;4087945741800
4087945744135;4087945747128
4087945749957;4087945750665
4087945752748;4087945753424
4087945756128;4087945756611
4087945773207;4087945774679
4087945776726;4087945777314
4087945777864;4087945780795
4087945781405;4087945783337
4087945783934;4087945786896
4087945787578;4087945789517
4087945792689;4087945793101
4087945795771;4087945796320
4087945815332;4087945817712
4087945820767;4087945823248
4087945826114;4087945826712
4087945845753;4087945848147
4087945851169;4087945853636
4087945856697;4087945859159
4087945861290;4087945862131
4087945864805;4087945865274
4087945881481;4087945884356
4087945887037;4087945887611
4087945889559;4087945890022
4087945890486;4087945893486
4087945895897;4087945898879
4087945901799;4087945904261
4087945906971;4087945909748
4087945912322;4087945915106
4087945917203;4087945917790
4087945920731;4087945921314
4087945939748;4087945942351
4087945945424;4087945947939
4087945950415;4087945953397
4087945955522;4087945956044
4087945958957;4087945959623
4087945962517;4087945964981
4087945967110;4087945967669
4087945968397;4087945970207
4087945973689;4087945977290
4087945979591;4087945982587
4087945985486;4087945987949
4087945990837;4087945993284
4087945995415;4087945996069
4087945998799;4087945999266
4087946026674;4087946027142
4087946027684;4087946028123
4087946028568;4087946029109
4087946029233;4087946029589
4087946029796;4087946030234
4087946030777;4087946031221
4087946031704;4087946032203
4087946032576;4087946032682
4087946033213;4087946033316
4087946036742;4087946037167
4087946037610;4087946038172
4087946038686;4087946038778
4087946041896;4087946042508
4087946042997;4087946043492
4087946043617;4087946043969
4087946044587;4087946045615
4087946046121;4087946046618
4087946046766;4087946047090
4087946047257;4087946047911
4087946048324;4087946048471
4087946048979;4087946049087
4087946051825;4087946052036
4087946052397;4087946052495
4087946053018;4087946053106
4087946056510;4087946056967
4087946057465;4087946057555
4087946060559;4087946061084
4087946061212;4087946061546
4087946062162;4087946063188
4087946063634;4087946064144
4087946064559;4087946064701
4087946065223;4087946066118
4087946066624;4087946067122
4087946067266;4087946067595
4087946067786;4087946068743
4087946069257;4087946069700
4087946070080;4087946070157
4087946070719;4087946071517
4087946071892;4087946071955
4087946072554;4087946073177
4087946073707;4087946074242
4087946074740;4087946074831
4087946077624;4087946077893
4087946078256;4087946078336
4087946078900;4087946079974
4087946080503;4087946080612
4087946081135;4087946081603
4087946082052;4087946082595
4087946082743;4087946083114
4087946083662;4087946084688
4087946084818;4087946085147
4087946085314;4087946086297
4087946086779;4087946086863
4087946089556;4087946089813
4087946090277;4087946090361
4087946093863;4087946094290
4087946094803;4087946095302
4087946095728;4087946096242
4087946096747;4087946097242
4087946097672;4087946098214
4087946098629;4087946099169
4087946099284;4087946099636
4087946099739;4087946100255
4087946100622;4087946100689
4087946101261;4087946102319
4087946102716;4087946102821
4087946103346;4087946103464
4087946103875;4087946104413
4087946104562;4087946104881
4087946105049;4087946105968
4087946106482;4087946106925
4087946107449;4087946107892
4087946108381;4087946108880
4087946109302;4087946109814
4087946110202;4087946110302
4087946110767;4087946110856
4087946113583;4087946113856
4087946114221;4087946114301
4087946114866;4087946115930
4087946116420;4087946116503
4087946119221;4087946119496
4087946119861;4087946120025
4087946120476;4087946120563
4087946123952;4087946124032
4087946124516;4087946124623
4087946127346;4087946127558
4087946128109;4087946128586
4087946129104;4087946129552
4087946130076;4087946130517
4087946130897;4087946130998
4087946131534;4087946131652
4087946134371;4087946134582
4087946134943;4087946135030
4087946135148;4087946135667
4087946135786;4087946136143
4087946136767;4087946137813
4087946138209;4087946138341
4087946138836;4087946138920
4087946142274;4087946142356
4087946142840;4087946143758
4087946144317;4087946144764
4087946145249;4087946145748
4087946146284;4087946146725
4087946147104;4087946147197
4087946147720;4087946147816
4087946150522;4087946150785
4087946151689;4087946151731
4087946151868;4087946152196
4087946152356;4087946153304
4087946153676;4087946153778
4087946154302;4087946154419
4087946154940;4087946155380
4087946155760;4087946155842
4087946156365;4087946156479
4087946156857;4087946156951
4087946157449;4087946157544
4087946160353;4087946160510
4087946160876;4087946160983
4087946161503;4087946161622
4087946161997;4087946162121
4087946162609;4087946162695
4087946165577;4087946165703
4087946166249;4087946166732
4087946167106;4087946167201
4087946167746;4087946167871
4087946168245;4087946168337
4087946168894;4087946168970
4087946171723;4087946172412
4087946172913;4087946173001
4087946175857;4087946176483
4087946177010;4087946177457
4087946178463;4087946178915
4087946179432;4087946179525
4087946182545;4087946183037
4087946183592;4087946184065
4087946184565;4087946184656
4087946188052;4087946188124
4087946188577;4087946188667
4087946191993;4087946192466
4087946192982;4087946193487
4087946193972;4087946194057
4087946196854;4087946197084
4087946197606;4087946197705
4087946200417;4087946200648
4087946201189;4087946201301
4087946202214;4087946202290
4087946202783;4087946202878
4087946205606;4087946206256
4087946206778;4087946207255
4087946207781;4087946208281
4087946208797;4087946209294
4087946209718;4087946210232
4087946210630;4087946210758
4087946211258;4087946211350
4087946211709;4087946211810
4087946212370;4087946212457
4087946215349;4087946215509
4087946216404;4087946216449
4087946216579;4087946216905
4087946217515;4087946218380
4087946218516;4087946218840
4087946219014;4087946220033
4087946220570;4087946221015
4087946221500;4087946221995
4087946222115;4087946222463
4087946222647;4087946223148
4087946223271;4087946223614
4087946223755;4087946224256
4087946224403;4087946224719
4087946224893;4087946225854
4087946226376;4087946226450
4087946229380;4087946229938
4087946230859;4087946230938
4087946231405;4087946232321
4087946232745;4087946232864
4087946233353;4087946233436
4087946236169;4087946236422
4087946236788;4087946236873
4087946236997;4087946237521
4087946237944;4087946238099
4087946238603;4087946239524
4087946240043;4087946240544
4087946240664;4087946241012
4087946241129;4087946241640
4087946242021;4087946242122
4087946242251;4087946242584
4087946243236;4087946244275
4087946244756;4087946244841
4087946247563;4087946247836
4087946248354;4087946248453
4087946251197;4087946251464
4087946251977;4087946252456
4087946252961;4087946253050
4087946255832;4087946256407
4087946256793;4087946256882
4087946257512;4087946258002
4087946258532;4087946258630
4087946262012;4087946262482
4087946262933;4087946263471
4087946263919;4087946264462
4087946264580;4087946264929
4087946265554;4087946266057
4087946266174;4087946266523
4087946266640;4087946267149
4087946267669;4087946268148
4087946268528;4087946268627
4087946268757;4087946269133
4087946269701;4087946270421
4087946270938;4087946271380
4087946271828;4087946272363
4087946273274;4087946273352
4087946273817;4087946274760
4087946275237;4087946275324
4087946278722;4087946278771
4087946278910;4087946279239
4087946279362;4087946280331
4087946281267;4087946281353
4087946281807;4087946281897
4087946285324;4087946285801
4087946286323;4087946286769
4087946287152;4087946287244
4087946287801;4087946287894
4087946291500;4087946291972
4087946292359;4087946292515
4087946293074;4087946293165
4087946296054;4087946296680
4087946297635;4087946298056
4087946298542;4087946299042
4087946299140;4087946299503
4087946300103;4087946301128
4087946301635;4087946302136
4087946302649;4087946302718
4087946305443;4087946306054
4087946306582;4087946307027
4087946307512;4087946308009
4087946308532;4087946308618
4087946311923;4087946311991
4087946312509;4087946312602
4087946315917;4087946316373
4087946316925;4087946317369
4087946317857;4087946318353
4087946318506;4087946318830
4087946319015;4087946320012
4087946320545;4087946320658
4087946321181;4087946321651
4087946322145;4087946322227
4087946324992;4087946325673
4087946326230;4087946326674
4087946327203;4087946327650
4087946328031;4087946328117
4087946344924;4087946345016
4087946345576;4087946345681
4087946348465;4087946348668
4087946351969;4087946352228
4087946352601;4087946352707
4087946353295;4087946354373
4087946354842;4087946355430
4087946355836;4087946355948
4087946356069;4087946356429
4087946356540;4087946357106
4087946358051;4087946358537
4087946359004;4087946359559
4087946360502;4087946361020
4087946361578;4087946361669
4087946364469;4087946364738
4087946365114;4087946365219
4087946365774;4087946365883
4087946368778;4087946369430
4087946369940;4087946370457
4087946370611;4087946370946
4087946371147;4087946372172
4087946372292;4087946372654
4087946372885;4087946373348
4087946373754;4087946373859
4087946373947;4087946374456
4087946374865;4087946374961
4087946375507;4087946375633
4087946376020;4087946376119
4087946376725;4087946377740
4087946378306;4087946378818
4087946378923;4087946379301
4087946379856;4087946380385
4087946380796;4087946380903
4087946381451;4087946381545
4087946384412;4087946384670
4087946385047;4087946385161
4087946385707;4087946385824
4087946386246;4087946386391
4087946386930;4087946387025
4087946387400;4087946387502
4087946388041;4087946388123
4087946391035;4087946391305
4087946391693;4087946391802
4087946392346;4087946392448
4087946395917;4087946396396
4087946396996;4087946397881
4087946398001;4087946398360
4087946399090;4087946399175
4087946399678;4087946400576
4087946400717;4087946401042
4087946401207;4087946402193
4087946402723;4087946403235
4087946403385;4087946403712
4087946403839;4087946404506
4087946405004;4087946405094
4087946408112;4087946408765
4087946409336;4087946409887
4087946410322;4087946410412
4087946413234;4087946413551
4087946414085;4087946414186
4087946416981;4087946417240
4087946417621;4087946417734
4087946418287;4087946418388
4087946421275;4087946421951
4087946422348;4087946422443
4087946422994;4087946423100
4087946425884;4087946426150
4087946426714;4087946426813
4087946447440;4087946447664
4087946448202;4087946448290
4087946451162;4087946451793
4087946452196;4087946452324
4087946452837;4087946452946
4087946456224;4087946456873
4087946457394;4087946458018
4087946458522;4087946459139
4087946459266;4087946459636
4087946459813;4087946460328
4087946460801;4087946460952
4087946461495;4087946461620
4087946462174;4087946462669
4087946463087;4087946463218
4087946463694;4087946463787
4087946467399;4087946467901
4087946483567;4087946483644
4087946484121;4087946484211
4087946487321;4087946487486
4087946487859;4087946487968
4087946488517;4087946488611
4087946491571;4087946491808
4087946492345;4087946492448
4087946495946;4087946496444
4087946496988;4087946497501
4087946497941;4087946498495
4087946499093;4087946499544
4087946499977;4087946500538
4087946500691;4087946501018
4087946501750;4087946502318
4087946502920;4087946503376
4087946503786;4087946503894
4087946504450;4087946504550
4087946507348;4087946508007
4087946508549;4087946509064
4087946509191;4087946509542
4087946510161;4087946510831
4087946511225;4087946511320
4087946511907;4087946512997
4087946513125;4087946513498
4087946513623;4087946514129
4087946514701;4087946515163
4087946515709;4087946516158
4087946516568;4087946516674
4087946517221;4087946517325
4087946520170;4087946520826
4087946521374;4087946521834
4087946522295;4087946522416
4087946522920;4087946523011
4087946525839;4087946526092
4087946526632;4087946527093
4087946527215;4087946527573
4087946527665;4087946528245
4087946528746;4087946528828
4087946531635;4087946531867
4087946532400;4087946532501
4087946535334;4087946535595
4087946535977;4087946536091
4087946536670;4087946536764
4087946539615;4087946540275
4087946540824;4087946541285
4087946541667;4087946541755
4087946542341;4087946543393
4087946543505;4087946543874
4087946544485;4087946545541
4087946545956;4087946546065
4087946546610;4087946546733
4087946547276;4087946547735
4087946548264;4087946548778
4087946548938;4087946549268
4087946549462;4087946550485
4087946551015;4087946551529
4087946551972;4087946552117
4087946552643;4087946552748
4087946555589;4087946555845
4087946556377;4087946556480
4087946560075;4087946560563
4087946561538;4087946561582
4087946561733;4087946562056
4087946562806;4087946563361
4087946563509;4087946563847
4087946564040;4087946564668
4087946565048;4087946565146
4087946565670;4087946566690
4087946567158;4087946567247
4087946570126;4087946570385
4087946570922;4087946571418
4087946571916;4087946572004
4087946575411;4087946575480
4087946576003;4087946576086
4087946578868;4087946579535
4087946579949;4087946580056
4087946580607;4087946580707
4087946583478;4087946583679
4087946584160;4087946584261
4087946587061;4087946587701
4087946588273;4087946588732
4087946589161;4087946589755
4087946589911;4087946590240
4087946590920;4087946591683
4087946592061;4087946592165
4087946592695;4087946592788
4087946595617;4087946596271
4087946597249;4087946597821
4087946598304;4087946598397
4087946601315;4087946601891
4087946602860;4087946603348
4087946603760;4087946603905
4087946604413;4087946604516
4087946608095;4087946608568
4087946609515;4087946610004
4087946610613;4087946611093
4087946611223;4087946611582
4087946611674;4087946612248
4087946612659;4087946612796
4087946613295;4087946613386
4087946616300;4087946616536
4087946617057;4087946617149
4087946620063;4087946620695
4087946621246;4087946621738
4087946621866;4087946622221
4087946622369;4087946622895
4087946623959;4087946624435
4087946624898;4087946625475
4087946625981;4087946626494
4087946626649;4087946626973
4087946627139;4087946627843
4087946628229;4087946628356
4087946628444;4087946628971
4087946629517;4087946629978
4087946630484;4087946630996
4087946631377;4087946631481
4087946631989;4087946632089
4087946634896;4087946635162
4087946635545;4087946635656
4087946636209;4087946636300
4087946639741;4087946640252
4087946640830;4087946641287
4087946641797;4087946642310
4087946642867;4087946643321
4087946643865;4087946644316
4087946644828;4087946645338
4087946645778;4087946646337
4087946646893;4087946647354
4087946647767;4087946647879
4087946648428;4087946648530
4087946651335;4087946652095
4087946652246;4087946652586
4087946653195;4087946653929
4087946654304;4087946654384
4087946654963;4087946656012
4087946656509;4087946657068
4087946657615;4087946658078
4087946658542;4087946659098
4087946659227;4087946659591
4087946660202;4087946661264
4087946661795;4087946662306
4087946662435;4087946662791
4087946686152;4087946686293
4087946686833;4087946687351
4087946687915;4087946688380
4087946688815;4087946688935
4087946689504;4087946689595
4087946692661;4087946692909
4087946693547;4087946694053
4087946694181;4087946694549
4087946695303;4087946695775
4087946710794;4087946711273
4087946711786;4087946712298
4087946712729;4087946713288
4087946713727;4087946714285
4087946714402;4087946714767
4087946714965;4087946715478
4087946715594;4087946715967
4087946716096;4087946716599
4087946716982;4087946717085
4087946717638;4087946717736
4087946720603;4087946720860
4087946721387;4087946721489
4087946724333;4087946724588
4087946724969;4087946725074
4087946725601;4087946725718
4087946726251;4087946726739
4087946726859;4087946727208
4087946727337;4087946727851
4087946728286;4087946728836
4087946729260;4087946729381
4087946729879;4087946729962
4087946732904;4087946733037
4087946733570;4087946733638
4087946736624;4087946737128
4087946737664;4087946738177
